Percent Obese,CountyState
11761,Autauga County Alabama
36348,Baldwin County Alabama
7743,Barbour County Alabama
5884,Bibb County Alabama
12690,Blount County Alabama
3446,Bullock County Alabama
5892,Butler County Alabama
29091,Calhoun County Alabama
9085,Chambers County Alabama
6211,Cherokee County Alabama
12123,Chilton County Alabama
4046,Choctaw County Alabama
6728,Clarke County Alabama
3687,Clay County Alabama
3454,Cleburne County Alabama
11019,Coffee County Alabama
13207,Colbert County Alabama
3559,Conecuh County Alabama
3014,Coosa County Alabama
9585,Covington County Alabama
3648,Crenshaw County Alabama
19334,Cullman County Alabama
12908,Dale County Alabama
12808,Dallas County Alabama
16498,DeKalb County Alabama
17979,Elmore County Alabama
10546,Escambia County Alabama
24677,Etowah County Alabama
4699,Fayette County Alabama
7882,Franklin County Alabama
6849,Geneva County Alabama
3122,Greene County Alabama
4735,Hale County Alabama
4504,Henry County Alabama
25956,Houston County Alabama
11950,Jackson County Alabama
156519,Jefferson County Alabama
3434,Lamar County Alabama
22490,Lauderdale County Alabama
9609,Lawrence County Alabama
32508,Lee County Alabama
20780,Limestone County Alabama
3595,Lowndes County Alabama
6179,Macon County Alabama
73772,Madison County Alabama
6330,Marengo County Alabama
7715,Marion County Alabama
21255,Marshall County Alabama
100884,Mobile County Alabama
5933,Monroe County Alabama
58659,Montgomery County Alabama
25038,Morgan County Alabama
2891,Perry County Alabama
5620,Pickens County Alabama
8687,Pike County Alabama
5743,Randolph County Alabama
13928,Russell County Alabama
20418,St. Clair County Alabama
41809,Shelby County Alabama
4032,Sumter County Alabama
23290,Talladega County Alabama
10992,Tallapoosa County Alabama
47144,Tuscaloosa County Alabama
18095,Walker County Alabama
4543,Washington County Alabama
3391,Wilcox County Alabama
6629,Winston County Alabama
883,Aleutians East Borough Alaska
1390,Aleutians West Alaska
53640,Anchorage Municipality Alaska
3230,Bethel Census Area Alaska
236,Bristol Bay Borough Alaska
343,Denali Borough Alaska
983,Dillingham Census Area Alaska
20407,Fairbanks North Star Alaska
582,Haines Borough Alaska
506,Hoonah-Angoon 2009 Census Alaska
6024,Juneau City and Borough Alaska
11268,Kenai Peninsula Borough Alaska
2903,Ketchikan Gateway Borough Alaska
2822,Kodiak Island Borough Alaska
343,Lake and Peninsula Borough Alaska
18300,Matanuska-Susitna Borough Alaska
2104,Nome Census Area Alaska
2460,North Slope Borough Alaska
1359,Northwest Arctic Borough Alaska
871,Petersburg 2009 Census Alaska
1368,Prince of Wales-Hyder 2009 Census Alaska
No Data,Prince of Wales-Outer K 2004 to 2008 Census Alaska
1870,Sitka City and Borough Alaska
241,Skagway Municipality 2009 Census Alaska
No Data,Hoonah-Angoon 2004 to 2008 Census Alaska
1594,Southeast Fairbanks Census Alaska
2004,Valdez-Cordova Census Area Alaska
1121,Wade Hampton Census Area Alaska
567,Wrangell City and Borough 2009 Census Alaska
No Data,Wrangell-Petersburg 2004 to 2008 Census Alaska
153,Yakutat City and Borough Alaska
1127,Yukon-Koyukuk Census Area Alaska
14800,Apache County Arizona
24096,Cochise County Arizona
22151,Coconino County Arizona
10761,Gila County Arizona
8500,Graham County Arizona
1959,Greenlee County Arizona
5124,La Paz County Arizona
616431,Maricopa County Arizona
42223,Mohave County Arizona
22893,Navajo County Arizona
174263,Pima County Arizona
85759,Pinal County Arizona
6335,Santa Cruz County Arizona
38844,Yavapai County Arizona
41958,Yuma County Arizona
5004,Arkansas County Arkansas
6070,Ashley County Arkansas
9489,Baxter County Arkansas
42914,Benton County Arkansas
7497,Boone County Arkansas
2890,Bradley County Arkansas
1383,Calhoun County Arkansas
5973,Carroll County Arkansas
3238,Chicot County Arkansas
5495,Clark County Arkansas
3865,Clay County Arkansas
5821,Cleburne County Arkansas
2214,Cleveland County Arkansas
5966,Columbia County Arkansas
5575,Conway County Arkansas
23434,Craighead County Arkansas
15839,Crawford County Arkansas
13229,Crittenden County Arkansas
4717,Cross County Arkansas
1983,Dallas County Arkansas
3423,Desha County Arkansas
4315,Drew County Arkansas
24112,Faulkner County Arkansas
4432,Franklin County Arkansas
2925,Fulton County Arkansas
20883,Garland County Arkansas
4754,Grant County Arkansas
11517,Greene County Arkansas
5855,Hempstead County Arkansas
8151,Hot Spring County Arkansas
3514,Howard County Arkansas
8028,Independence County Arkansas
3260,Izard County Arkansas
5137,Jackson County Arkansas
22523,Jefferson County Arkansas
6423,Johnson County Arkansas
1743,Lafayette County Arkansas
4895,Lawrence County Arkansas
2762,Lee County Arkansas
3626,Lincoln County Arkansas
3196,Little River County Arkansas
5402,Logan County Arkansas
15016,Lonoke County Arkansas
3775,Madison County Arkansas
4336,Marion County Arkansas
10710,Miller County Arkansas
12547,Mississippi County Arkansas
2126,Monroe County Arkansas
2156,Montgomery County Arkansas
2275,Nevada County Arkansas
2329,Newton County Arkansas
7718,Ouachita County Arkansas
2632,Perry County Arkansas
5664,Phillips County Arkansas
2768,Pike County Arkansas
6402,Poinsett County Arkansas
5059,Polk County Arkansas
15725,Pope County Arkansas
2174,Prairie County Arkansas
93453,Pulaski County Arkansas
4564,Randolph County Arkansas
8041,St. Francis County Arkansas
24877,Saline County Arkansas
2380,Scott County Arkansas
1921,Searcy County Arkansas
26988,Sebastian County Arkansas
4380,Sevier County Arkansas
3988,Sharp County Arkansas
3293,Stone County Arkansas
9459,Union County Arkansas
4455,Van Buren County Arkansas
41135,Washington County Arkansas
18632,White County Arkansas
1933,Woodruff County Arkansas
5131,Yell County Arkansas
233590,Alameda County California
213,Alpine County California
7074,Amador County California
40071,Butte County California
9209,Calaveras County California
3258,Colusa County California
181146,Contra Costa County California
5562,Del Norte County California
27480,El Dorado County California
182974,Fresno County California
5211,Glenn County California
27315,Humboldt County California
27701,Imperial County California
3400,Inyo County California
155664,Kern County California
25620,Kings County California
13220,Lake County California
7076,Lassen County California
1516570,Los Angeles County California
30773,Madera County California
30274,Marin County California
3495,Mariposa County California
16464,Mendocino County California
51788,Merced County California
1854,Modoc County California
2274,Mono County California
66453,Monterey County California
23928,Napa County California
14392,Nevada County California
446969,Orange County California
58426,Placer County California
3643,Plumas County California
406208,Riverside County California
281891,Sacramento County California
9206,San Benito County California
388169,San Bernardino County California
527179,San Diego County California
108954,San Francisco County California
143546,San Joaquin County California
41502,San Luis Obispo County California
108889,San Mateo County California
58904,Santa Barbara County California
275370,Santa Clara County California
39343,Santa Cruz County California
37220,Shasta County California
615,Sierra County California
8058,Siskiyou County California
81632,Solano County California
81801,Sonoma County California
108139,Stanislaus County California
17052,Sutter County California
11919,Tehama County California
2761,Trinity County California
83841,Tulare County California
10060,Tuolumne County California
128625,Ventura County California
33172,Yolo County California
14994,Yuba County California
76468,Adams County Colorado
2240,Alamosa County Colorado
85700,Arapahoe County Colorado
1608,Archuleta County Colorado
632,Baca County Colorado
1269,Bent County Colorado
32887,Boulder County Colorado
8145,Broomfield County Colorado
2355,Chaffee County Colorado
314,Cheyenne County Colorado
1230,Clear Creek County Colorado
1012,Conejos County Colorado
557,Costilla County Colorado
1201,Crowley County Colorado
741,Custer County Colorado
5036,Delta County Colorado
83516,Denver County Colorado
328,Dolores County Colorado
31518,Douglas County Colorado
5049,Eagle County Colorado
3378,Elbert County Colorado
95244,El Paso County Colorado
8454,Fremont County Colorado
6904,Garfield County Colorado
874,Gilpin County Colorado
2074,Grand County Colorado
1891,Gunnison County Colorado
130,Hinsdale County Colorado
1117,Huerfano County Colorado
240,Jackson County Colorado
79040,Jefferson County Colorado
264,Kiowa County Colorado
1694,Kit Carson County Colorado
1012,Lake County Colorado
6522,La Plata County Colorado
43317,Larimer County Colorado
2856,Las Animas County Colorado
984,Lincoln County Colorado
4106,Logan County Colorado
24005,Mesa County Colorado
117,Mineral County Colorado
2348,Moffat County Colorado
4150,Montezuma County Colorado
6070,Montrose County Colorado
5598,Morgan County Colorado
3469,Otero County Colorado
627,Ouray County Colorado
2368,Park County Colorado
734,Phillips County Colorado
1975,Pitkin County Colorado
2223,Prowers County Colorado
30725,Pueblo County Colorado
1013,Rio Blanco County Colorado
1978,Rio Grande County Colorado
2417,Routt County Colorado
1046,Saguache County Colorado
117,San Juan County Colorado
987,San Miguel County Colorado
450,Sedgwick County Colorado
3298,Summit County Colorado
3232,Teller County Colorado
837,Washington County Colorado
44810,Weld County Colorado
1797,Yuma County Colorado
124319,Fairfield County Connecticut
164364,Hartford County Connecticut
31739,Litchfield County Connecticut
30222,Middlesex County Connecticut
176356,New Haven County Connecticut
51722,New London County Connecticut
26645,Tolland County Connecticut
26366,Windham County Connecticut
39491,Kent County Delaware
105544,New Castle County Delaware
45837,Sussex County Delaware
101161,District of Columbia District of Columbia
47427,Alachua County Florida
7119,Baker County Florida
36467,Bay County Florida
7921,Bradford County Florida
120190,Brevard County Florida
317251,Broward County Florida
4035,Calhoun County Florida
34656,Charlotte County Florida
34139,Citrus County Florida
38302,Clay County Florida
53087,Collier County Florida
17662,Columbia County Florida
8985,DeSoto County Florida
4616,Dixie County Florida
181045,Duval County Florida
66638,Escambia County Florida
21268,Flagler County Florida
2454,Franklin County Florida
12631,Gadsden County Florida
4061,Gilchrist County Florida
3598,Glades County Florida
4044,Gulf County Florida
4257,Hamilton County Florida
7069,Hardee County Florida
9301,Hendry County Florida
38866,Hernando County Florida
23776,Highlands County Florida
241377,Hillsborough County Florida
4633,Holmes County Florida
23850,Indian River County Florida
13071,Jackson County Florida
4115,Jefferson County Florida
2383,Lafayette County Florida
66848,Lake County Florida
125683,Lee County Florida
57520,Leon County Florida
10499,Levy County Florida
2281,Liberty County Florida
5275,Madison County Florida
62952,Manatee County Florida
82149,Marion County Florida
23730,Martin County Florida
410913,Miami-Dade County Florida
11529,Monroe County Florida
15490,Nassau County Florida
38779,Okaloosa County Florida
9296,Okeechobee County Florida
214912,Orange County Florida
55321,Osceola County Florida
229073,Palm Beach County Florida
101694,Pasco County Florida
174747,Pinellas County Florida
142992,Polk County Florida
18761,Putnam County Florida
32258,St. Johns County Florida
60244,St. Lucie County Florida
31328,Santa Rosa County Florida
63407,Sarasota County Florida
78324,Seminole County Florida
23804,Sumter County Florida
9657,Suwannee County Florida
6331,Taylor County Florida
4633,Union County Florida
100057,Volusia County Florida
8434,Wakulla County Florida
11428,Walton County Florida
6930,Washington County Florida
4510,Appling County Georgia
1748,Atkinson County Georgia
2465,Bacon County Georgia
817,Baker County Georgia
10580,Baldwin County Georgia
3743,Banks County Georgia
15554,Barrow County Georgia
20811,Bartow County Georgia
4188,Ben Hill County Georgia
4179,Berrien County Georgia
33541,Bibb County Georgia
2752,Bleckley County Georgia
4052,Brantley County Georgia
3974,Brooks County Georgia
5861,Bryan County Georgia
16496,Bulloch County Georgia
5791,Burke County Georgia
5955,Butts County Georgia
1657,Calhoun County Georgia
10116,Camden County Georgia
2531,Candler County Georgia
24489,Carroll County Georgia
14406,Catoosa County Georgia
3105,Charlton County Georgia
52635,Chatham County Georgia
2260,Chattahoochee County Georgia
6405,Chattooga County Georgia
42204,Cherokee County Georgia
23278,Clarke County Georgia
797,Clay County Georgia
63780,Clayton County Georgia
1567,Clinch County Georgia
116072,Cobb County Georgia
9221,Coffee County Georgia
10319,Colquitt County Georgia
23150,Columbia County Georgia
3845,Cook County Georgia
26588,Coweta County Georgia
2893,Crawford County Georgia
5633,Crisp County Georgia
3795,Dade County Georgia
4617,Dawson County Georgia
6304,Decatur County Georgia
130297,DeKalb County Georgia
5724,Dodge County Georgia
3598,Dooly County Georgia
25328,Dougherty County Georgia
31611,Douglas County Georgia
2372,Early County Georgia
780,Echols County Georgia
11170,Effingham County Georgia
5277,Elbert County Georgia
4887,Emanuel County Georgia
2743,Evans County Georgia
5428,Fannin County Georgia
19064,Fayette County Georgia
19021,Floyd County Georgia
26236,Forsyth County Georgia
4349,Franklin County Georgia
154927,Fulton County Georgia
6239,Gilmer County Georgia
630,Glascock County Georgia
16539,Glynn County Georgia
11072,Gordon County Georgia
5830,Grady County Georgia
3965,Greene County Georgia
140029,Gwinnett County Georgia
8718,Habersham County Georgia
36294,Hall County Georgia
2916,Hancock County Georgia
6559,Haralson County Georgia
6689,Harris County Georgia
5392,Hart County Georgia
2452,Heard County Georgia
39731,Henry County Georgia
29618,Houston County Georgia
2183,Irwin County Georgia
11387,Jackson County Georgia
3012,Jasper County Georgia
3001,Jeff Davis County Georgia
4612,Jefferson County Georgia
1865,Jenkins County Georgia
2500,Johnson County Georgia
6347,Jones County Georgia
4364,Lamar County Georgia
2068,Lanier County Georgia
12193,Laurens County Georgia
6079,Lee County Georgia
13808,Liberty County Georgia
2167,Lincoln County Georgia
2967,Long County Georgia
24099,Lowndes County Georgia
6382,Lumpkin County Georgia
5078,McDuffie County Georgia
3426,McIntosh County Georgia
3770,Macon County Georgia
6510,Madison County Georgia
2035,Marion County Georgia
5208,Meriwether County Georgia
1441,Miller County Georgia
5331,Mitchell County Georgia
6456,Monroe County Georgia
2179,Montgomery County Georgia
4107,Morgan County Georgia
7696,Murray County Georgia
48554,Muscogee County Georgia
21601,Newton County Georgia
6105,Oconee County Georgia
3166,Oglethorpe County Georgia
24585,Paulding County Georgia
6564,Peach County Georgia
5743,Pickens County Georgia
4111,Pierce County Georgia
3945,Pike County Georgia
7734,Polk County Georgia
2795,Pulaski County Georgia
5235,Putnam County Georgia
604,Quitman County Georgia
3652,Rabun County Georgia
2085,Randolph County Georgia
47578,Richmond County Georgia
19873,Rockdale County Georgia
977,Schley County Georgia
3524,Screven County Georgia
2101,Seminole County Georgia
15684,Spalding County Georgia
6166,Stephens County Georgia
1715,Stewart County Georgia
8654,Sumter County Georgia
1817,Talbot County Georgia
469,Taliaferro County Georgia
6174,Tattnall County Georgia
2102,Taylor County Georgia
3912,Telfair County Georgia
2632,Terrell County Georgia
10606,Thomas County Georgia
9011,Tift County Georgia
6382,Toombs County Georgia
2287,Towns County Georgia
1727,Treutlen County Georgia
14650,Troup County Georgia
2115,Turner County Georgia
2205,Twiggs County Georgia
4551,Union County Georgia
6857,Upson County Georgia
16338,Walker County Georgia
16802,Walton County Georgia
9149,Ware County Georgia
1600,Warren County Georgia
5401,Washington County Georgia
7325,Wayne County Georgia
629,Webster County Georgia
1948,Wheeler County Georgia
5804,White County Georgia
20006,Whitfield County Georgia
2265,Wilcox County Georgia
2587,Wilkes County Georgia
2248,Wilkinson County Georgia
4970,Worth County Georgia
33364,Hawaii County Hawaii
156594,Honolulu County Hawaii
22,Kalawao County Hawaii
10969,Kauai County Hawaii
27052,Maui County Hawaii
65831,Ada County Idaho
852,Adams County Idaho
16791,Bannock County Idaho
1123,Bear Lake County Idaho
1830,Benewah County Idaho
9931,Bingham County Idaho
2916,Blaine County Idaho
1387,Boise County Idaho
7406,Bonner County Idaho
19648,Bonneville County Idaho
2047,Boundary County Idaho
609,Butte County Idaho
218,Camas County Idaho
37252,Canyon County Idaho
1192,Caribou County Idaho
4552,Cassia County Idaho
190,Clark County Idaho
2215,Clearwater County Idaho
926,Custer County Idaho
5519,Elmore County Idaho
2251,Franklin County Idaho
2079,Fremont County Idaho
3633,Gem County Idaho
3233,Gooding County Idaho
3532,Idaho County Idaho
4465,Jefferson County Idaho
4802,Jerome County Idaho
24359,Kootenai County Idaho
6850,Latah County Idaho
1354,Lemhi County Idaho
854,Lewis County Idaho
870,Lincoln County Idaho
6141,Madison County Idaho
4099,Minidoka County Idaho
9549,Nez Perce County Idaho
926,Oneida County Idaho
2362,Owyhee County Idaho
4287,Payette County Idaho
1558,Power County Idaho
2978,Shoshone County Idaho
1778,Teton County Idaho
13660,Twin Falls County Idaho
1994,Valley County Idaho
2158,Washington County Idaho
15086,Adams County Illinois
1996,Alexander County Illinois
3928,Bond County Illinois
11312,Boone County Illinois
1686,Brown County Illinois
8058,Bureau County Illinois
1143,Calhoun County Illinois
3618,Carroll County Illinois
2997,Cass County Illinois
40824,Champaign County Illinois
8412,Christian County Illinois
3794,Clark County Illinois
3048,Clay County Illinois
7916,Clinton County Illinois
11930,Coles County Illinois
1003580,Cook County Illinois
4974,Crawford County Illinois
2349,Cumberland County Illinois
22920,DeKalb County Illinois
3750,De Witt County Illinois
4340,Douglas County Illinois
165871,DuPage County Illinois
4558,Edgar County Illinois
1368,Edwards County Illinois
6738,Effingham County Illinois
5350,Fayette County Illinois
3199,Ford County Illinois
8814,Franklin County Illinois
8633,Fulton County Illinois
1275,Gallatin County Illinois
3151,Greene County Illinois
12064,Grundy County Illinois
1847,Hamilton County Illinois
4071,Hancock County Illinois
1037,Hardin County Illinois
1768,Henderson County Illinois
10601,Henry County Illinois
7126,Iroquois County Illinois
12903,Jackson County Illinois
2179,Jasper County Illinois
9620,Jefferson County Illinois
4842,Jersey County Illinois
4711,Jo Daviess County Illinois
2839,Johnson County Illinois
95126,Kane County Illinois
26551,Kankakee County Illinois
21460,Kendall County Illinois
13115,Knox County Illinois
123602,Lake County Illinois
24905,LaSalle County Illinois
4070,Lawrence County Illinois
7246,Lee County Illinois
8986,Livingston County Illinois
7537,Logan County Illinois
7363,McDonough County Illinois
58216,McHenry County Illinois
38874,McLean County Illinois
26398,Macon County Illinois
10711,Macoupin County Illinois
64184,Madison County Illinois
9532,Marion County Illinois
2859,Marshall County Illinois
3494,Mason County Illinois
3902,Massac County Illinois
2721,Menard County Illinois
3992,Mercer County Illinois
7105,Monroe County Illinois
5716,Montgomery County Illinois
8015,Morgan County Illinois
3208,Moultrie County Illinois
10736,Ogle County Illinois
36693,Peoria County Illinois
4856,Perry County Illinois
3730,Piatt County Illinois
3575,Pike County Illinois
1054,Pope County Illinois
1521,Pulaski County Illinois
1321,Putnam County Illinois
8110,Randolph County Illinois
3672,Richland County Illinois
30085,Rock Island County Illinois
57788,St. Clair County Illinois
5640,Saline County Illinois
44683,Sangamon County Illinois
1683,Schuyler County Illinois
1156,Scott County Illinois
5001,Shelby County Illinois
1400,Stark County Illinois
9864,Stephenson County Illinois
26908,Tazewell County Illinois
4193,Union County Illinois
17678,Vermilion County Illinois
2665,Wabash County Illinois
3967,Warren County Illinois
3545,Washington County Illinois
3643,Wayne County Illinois
3441,White County Illinois
12220,Whiteside County Illinois
152928,Will County Illinois
15124,Williamson County Illinois
62297,Winnebago County Illinois
8367,Woodford County Illinois
6910,Adams County Indiana
80351,Allen County Indiana
17838,Bartholomew County Indiana
2088,Benton County Indiana
3191,Blackford County Indiana
11001,Boone County Indiana
3458,Brown County Indiana
4934,Carroll County Indiana
9620,Cass County Indiana
25981,Clark County Indiana
7475,Clay County Indiana
6915,Clinton County Indiana
3056,Crawford County Indiana
6830,Daviess County Indiana
12326,Dearborn County Indiana
5319,Decatur County Indiana
8705,DeKalb County Indiana
29067,Delaware County Indiana
10336,Dubois County Indiana
40181,Elkhart County Indiana
6164,Fayette County Indiana
16141,Floyd County Indiana
3874,Fountain County Indiana
4709,Franklin County Indiana
4793,Fulton County Indiana
7165,Gibson County Indiana
16408,Grant County Indiana
8128,Greene County Indiana
41309,Hamilton County Indiana
14489,Hancock County Indiana
9041,Harrison County Indiana
32626,Hendricks County Indiana
11058,Henry County Indiana
23151,Howard County Indiana
9474,Huntington County Indiana
9831,Jackson County Indiana
8008,Jasper County Indiana
5199,Jay County Indiana
7641,Jefferson County Indiana
5719,Jennings County Indiana
28976,Johnson County Indiana
9361,Knox County Indiana
17051,Kosciusko County Indiana
7603,LaGrange County Indiana
127493,Lake County Indiana
26490,LaPorte County Indiana
10063,Lawrence County Indiana
36430,Madison County Indiana
207917,Marion County Indiana
10424,Marshall County Indiana
2218,Martin County Indiana
9105,Miami County Indiana
26544,Monroe County Indiana
8676,Montgomery County Indiana
16606,Morgan County Indiana
3619,Newton County Indiana
11339,Noble County Indiana
1441,Ohio County Indiana
4500,Orange County Indiana
5900,Owen County Indiana
3872,Parke County Indiana
4736,Perry County Indiana
3051,Pike County Indiana
35161,Porter County Indiana
6046,Posey County Indiana
3392,Pulaski County Indiana
9127,Putnam County Indiana
6659,Randolph County Indiana
6527,Ripley County Indiana
4093,Rush County Indiana
55046,St. Joseph County Indiana
5066,Scott County Indiana
10966,Shelby County Indiana
4678,Spencer County Indiana
5967,Starke County Indiana
8214,Steuben County Indiana
5147,Sullivan County Indiana
2130,Switzerland County Indiana
34282,Tippecanoe County Indiana
3790,Tipton County Indiana
1799,Union County Indiana
43394,Vanderburgh County Indiana
3410,Vermillion County Indiana
25728,Vigo County Indiana
8944,Wabash County Indiana
1798,Warren County Indiana
13938,Warrick County Indiana
6233,Washington County Indiana
14370,Wayne County Indiana
5736,Wells County Indiana
6273,White County Indiana
8210,Whitley County Indiana
1853,Adair County Iowa
1043,Adams County Iowa
2995,Allamakee County Iowa
2906,Appanoose County Iowa
1584,Audubon County Iowa
5596,Benton County Iowa
27730,Black Hawk County Iowa
6210,Boone County Iowa
4998,Bremer County Iowa
4451,Buchanan County Iowa
3966,Buena Vista County Iowa
3023,Butler County Iowa
2253,Calhoun County Iowa
4828,Carroll County Iowa
3716,Cass County Iowa
4812,Cedar County Iowa
9795,Cerro Gordo County Iowa
2582,Cherokee County Iowa
2808,Chickasaw County Iowa
2112,Clarke County Iowa
3688,Clay County Iowa
4162,Clayton County Iowa
10880,Clinton County Iowa
3482,Crawford County Iowa
13577,Dallas County Iowa
1921,Davis County Iowa
1892,Decatur County Iowa
4456,Delaware County Iowa
9710,Des Moines County Iowa
3752,Dickinson County Iowa
18665,Dubuque County Iowa
2410,Emmet County Iowa
5407,Fayette County Iowa
3731,Floyd County Iowa
2450,Franklin County Iowa
1852,Fremont County Iowa
2062,Greene County Iowa
2920,Grundy County Iowa
2668,Guthrie County Iowa
3667,Hamilton County Iowa
2208,Hancock County Iowa
4379,Hardin County Iowa
3472,Harrison County Iowa
4630,Henry County Iowa
2074,Howard County Iowa
2470,Humboldt County Iowa
1624,Ida County Iowa
3491,Iowa County Iowa
4545,Jackson County Iowa
9702,Jasper County Iowa
4050,Jefferson County Iowa
23629,Johnson County Iowa
4452,Jones County Iowa
2629,Keokuk County Iowa
3627,Kossuth County Iowa
9547,Lee County Iowa
42748,Linn County Iowa
2670,Louisa County Iowa
2083,Lucas County Iowa
2434,Lyon County Iowa
3436,Madison County Iowa
4438,Mahaska County Iowa
7078,Marion County Iowa
9370,Marshall County Iowa
3083,Mills County Iowa
2160,Mitchell County Iowa
1919,Monona County Iowa
1986,Monroe County Iowa
2570,Montgomery County Iowa
10379,Muscatine County Iowa
3259,O'Brien County Iowa
1436,Osceola County Iowa
3893,Page County Iowa
1990,Palo Alto County Iowa
5996,Plymouth County Iowa
1678,Pocahontas County Iowa
87868,Polk County Iowa
22823,Pottawattamie County Iowa
4141,Poweshiek County Iowa
1138,Ringgold County Iowa
2283,Sac County Iowa
34398,Scott County Iowa
2888,Shelby County Iowa
6325,Sioux County Iowa
16733,Story County Iowa
3705,Tama County Iowa
1474,Taylor County Iowa
3043,Union County Iowa
1685,Van Buren County Iowa
8015,Wapello County Iowa
10174,Warren County Iowa
4803,Washington County Iowa
1491,Wayne County Iowa
8048,Webster County Iowa
2347,Winnebago County Iowa
4051,Winneshiek County Iowa
22301,Woodbury County Iowa
1676,Worth County Iowa
2879,Wright County Iowa
3316,Allen County Kansas
1852,Anderson County Kansas
3839,Atchison County Kansas
1275,Barber County Kansas
6906,Barton County Kansas
4051,Bourbon County Kansas
2480,Brown County Kansas
15379,Butler County Kansas
685,Chase County Kansas
864,Chautauqua County Kansas
5823,Cherokee County Kansas
674,Cheyenne County Kansas
512,Clark County Kansas
2014,Clay County Kansas
2294,Cloud County Kansas
2226,Coffey County Kansas
435,Comanche County Kansas
8951,Cowley County Kansas
10232,Crawford County Kansas
762,Decatur County Kansas
4875,Dickinson County Kansas
1987,Doniphan County Kansas
20841,Douglas County Kansas
793,Edwards County Kansas
749,Elk County Kansas
6244,Ellis County Kansas
1765,Ellsworth County Kansas
7915,Finney County Kansas
7679,Ford County Kansas
6158,Franklin County Kansas
7031,Geary County Kansas
601,Gove County Kansas
655,Graham County Kansas
1742,Grant County Kansas
1175,Gray County Kansas
295,Greeley County Kansas
1703,Greenwood County Kansas
637,Hamilton County Kansas
1294,Harper County Kansas
8104,Harvey County Kansas
939,Haskell County Kansas
425,Hodgeman County Kansas
3440,Jackson County Kansas
4754,Jefferson County Kansas
833,Jewell County Kansas
90630,Johnson County Kansas
874,Kearny County Kansas
1788,Kingman County Kansas
554,Kiowa County Kansas
5356,Labette County Kansas
478,Lane County Kansas
17531,Leavenworth County Kansas
700,Lincoln County Kansas
2433,Linn County Kansas
668,Logan County Kansas
7864,Lyon County Kansas
6520,McPherson County Kansas
2931,Marion County Kansas
2506,Marshall County Kansas
990,Meade County Kansas
7146,Miami County Kansas
1381,Mitchell County Kansas
8690,Montgomery County Kansas
1492,Morris County Kansas
761,Morton County Kansas
2151,Nemaha County Kansas
4078,Neosho County Kansas
681,Ness County Kansas
1505,Norton County Kansas
4278,Osage County Kansas
994,Osborne County Kansas
1451,Ottawa County Kansas
1820,Pawnee County Kansas
1312,Phillips County Kansas
4698,Pottawatomie County Kansas
2203,Pratt County Kansas
699,Rawlins County Kansas
15260,Reno County Kansas
1157,Republic County Kansas
2593,Rice County Kansas
13943,Riley County Kansas
1169,Rooks County Kansas
731,Rush County Kansas
1682,Russell County Kansas
12867,Saline County Kansas
1067,Scott County Kansas
105110,Sedgwick County Kansas
5088,Seward County Kansas
42283,Shawnee County Kansas
595,Sheridan County Kansas
1448,Sherman County Kansas
929,Smith County Kansas
1126,Stafford County Kansas
472,Stanton County Kansas
1297,Stevens County Kansas
6348,Sumner County Kansas
1666,Thomas County Kansas
772,Trego County Kansas
1754,Wabaunsee County Kansas
340,Wallace County Kansas
1489,Washington County Kansas
541,Wichita County Kansas
2363,Wilson County Kansas
759,Woodson County Kansas
42937,Wyandotte County Kansas
4614,Adair County Kentucky
4928,Allen County Kentucky
5281,Anderson County Kentucky
2138,Ballard County Kentucky
9722,Barren County Kentucky
2916,Bath County Kentucky
6961,Bell County Kentucky
24703,Boone County Kentucky
4889,Bourbon County Kentucky
12864,Boyd County Kentucky
6518,Boyle County Kentucky
2061,Bracken County Kentucky
4113,Breathitt County Kentucky
4994,Breckinridge County Kentucky
18426,Bullitt County Kentucky
3312,Butler County Kentucky
3194,Caldwell County Kentucky
8139,Calloway County Kentucky
20391,Campbell County Kentucky
1164,Carlisle County Kentucky
2626,Carroll County Kentucky
6522,Carter County Kentucky
4204,Casey County Kentucky
16224,Christian County Kentucky
8401,Clark County Kentucky
5149,Clay County Kentucky
2444,Clinton County Kentucky
2249,Crittenden County Kentucky
1757,Cumberland County Kentucky
21200,Daviess County Kentucky
3242,Edmonson County Kentucky
2190,Elliott County Kentucky
3553,Estill County Kentucky
64437,Fayette County Kentucky
3766,Fleming County Kentucky
11395,Floyd County Kentucky
11831,Franklin County Kentucky
1899,Fulton County Kentucky
1912,Gallatin County Kentucky
4729,Garrard County Kentucky
5992,Grant County Kentucky
8566,Graves County Kentucky
6715,Grayson County Kentucky
2532,Green County Kentucky
10165,Greenup County Kentucky
2213,Hancock County Kentucky
23011,Hardin County Kentucky
7504,Harlan County Kentucky
4052,Harrison County Kentucky
4387,Hart County Kentucky
11235,Henderson County Kentucky
3966,Henry County Kentucky
1229,Hickman County Kentucky
11968,Hopkins County Kentucky
3742,Jackson County Kentucky
182991,Jefferson County Kentucky
11262,Jessamine County Kentucky
7057,Johnson County Kentucky
36659,Kenton County Kentucky
4475,Knott County Kentucky
7687,Knox County Kentucky
3254,Larue County Kentucky
14035,Laurel County Kentucky
4358,Lawrence County Kentucky
1924,Lee County Kentucky
3124,Leslie County Kentucky
6649,Letcher County Kentucky
3721,Lewis County Kentucky
6743,Lincoln County Kentucky
2402,Livingston County Kentucky
6451,Logan County Kentucky
2158,Lyon County Kentucky
14874,McCracken County Kentucky
4413,McCreary County Kentucky
2298,McLean County Kentucky
18041,Madison County Kentucky
3327,Magoffin County Kentucky
4909,Marion County Kentucky
8294,Marshall County Kentucky
3787,Martin County Kentucky
4083,Mason County Kentucky
7300,Meade County Kentucky
1665,Menifee County Kentucky
5238,Mercer County Kentucky
2561,Metcalfe County Kentucky
2921,Monroe County Kentucky
6394,Montgomery County Kentucky
3929,Morgan County Kentucky
8160,Muhlenberg County Kentucky
9417,Nelson County Kentucky
1649,Nicholas County Kentucky
6004,Ohio County Kentucky
12255,Oldham County Kentucky
2670,Owen County Kentucky
1283,Owsley County Kentucky
3592,Pendleton County Kentucky
8924,Perry County Kentucky
17986,Pike County Kentucky
3060,Powell County Kentucky
14910,Pulaski County Kentucky
548,Robertson County Kentucky
4742,Rockcastle County Kentucky
5839,Rowan County Kentucky
4270,Russell County Kentucky
10862,Scott County Kentucky
10187,Shelby County Kentucky
3868,Simpson County Kentucky
4181,Spencer County Kentucky
5794,Taylor County Kentucky
2889,Todd County Kentucky
3601,Trigg County Kentucky
2255,Trimble County Kentucky
3924,Union County Kentucky
22935,Warren County Kentucky
2868,Washington County Kentucky
4925,Wayne County Kentucky
3400,Webster County Kentucky
9257,Whitley County Kentucky
1720,Wolfe County Kentucky
5827,Woodford County Kentucky
13928,Acadia Parish Louisiana
7272,Allen Parish Louisiana
25608,Ascension Parish Louisiana
5667,Assumption Parish Louisiana
11987,Avoyelles Parish Louisiana
8471,Beauregard Parish Louisiana
4147,Bienville Parish Louisiana
28619,Bossier Parish Louisiana
62882,Caddo Parish Louisiana
48024,Calcasieu Parish Louisiana
3052,Caldwell Parish Louisiana
1793,Cameron Parish Louisiana
2784,Catahoula Parish Louisiana
4756,Claiborne Parish Louisiana
5334,Concordia Parish Louisiana
7162,De Soto Parish Louisiana
107854,East Baton Rouge Parish Louisiana
2294,East Carroll Parish Louisiana
5513,East Feliciana Parish Louisiana
7501,Evangeline Parish Louisiana
5302,Franklin Parish Louisiana
5550,Grant Parish Louisiana
18956,Iberia Parish Louisiana
9570,Iberville Parish Louisiana
4278,Jackson Parish Louisiana
104112,Jefferson Parish Louisiana
7726,Jefferson Davis Parish Louisiana
47414,Lafayette Parish Louisiana
26471,Lafourche Parish Louisiana
3906,La Salle Parish Louisiana
11037,Lincoln Parish Louisiana
29847,Livingston Parish Louisiana
3536,Madison Parish Louisiana
7924,Morehouse Parish Louisiana
10948,Natchitoches Parish Louisiana
81178,Orleans Parish Louisiana
36289,Ouachita Parish Louisiana
5495,Plaquemines Parish Louisiana
5424,Pointe Coupee Parish Louisiana
32509,Rapides Parish Louisiana
2194,Red River Parish Louisiana
5784,Richland Parish Louisiana
6459,Sabine Parish Louisiana
9487,St. Bernard Parish Louisiana
12416,St. Charles Parish Louisiana
3040,St. Helena Parish Louisiana
5709,St. James Parish Louisiana
11746,St. John the Baptist Pa Louisiana
24260,St. Landry Parish Louisiana
13217,St. Martin Parish Louisiana
14890,St. Mary Parish Louisiana
49121,St. Tammany Parish Louisiana
31680,Tangipahoa Parish Louisiana
1342,Tensas Parish Louisiana
31759,Terrebonne Parish Louisiana
6190,Union Parish Louisiana
13554,Vermilion Parish Louisiana
13722,Vernon Parish Louisiana
13180,Washington Parish Louisiana
10347,Webster Parish Louisiana
5669,West Baton Rouge Parish Louisiana
3135,West Carroll Parish Louisiana
4414,West Feliciana Parish Louisiana
3919,Winn Parish Louisiana
25155,Androscoggin County Maine
18262,Aroostook County Maine
47088,Cumberland County Maine
7111,Franklin County Maine
10538,Hancock County Maine
28211,Kennebec County Maine
8124,Knox County Maine
6420,Lincoln County Maine
13354,Oxford County Maine
36633,Penobscot County Maine
4486,Piscataquis County Maine
6788,Sagadahoc County Maine
13422,Somerset County Maine
8632,Waldo County Maine
8258,Washington County Maine
40147,York County Maine
16572,Allegany County Maryland
112263,Anne Arundel County Maryland
167226,Baltimore County Maryland
18006,Calvert County Maryland
8093,Caroline County Maryland
34373,Carroll County Maryland
23786,Cecil County Maryland
35041,Charles County Maryland
8480,Dorchester County Maryland
45042,Frederick County Maryland
7119,Garrett County Maryland
50186,Harford County Maryland
51122,Howard County Maryland
4293,Kent County Maryland
132983,Montgomery County Maryland
213131,Prince George's County Maryland
9176,Queen Anne's County Maryland
21042,St. Mary's County Maryland
7644,Somerset County Maryland
7994,Talbot County Maryland
34992,Washington County Maryland
24123,Wicomico County Maryland
13253,Worcester County Maryland
155803,Baltimore city Maryland
31472,Barnstable County Massachusetts
22370,Berkshire County Massachusetts
119612,Bristol County Massachusetts
2584,Dukes County Massachusetts
129796,Essex County Massachusetts
13867,Franklin County Massachusetts
98784,Hampden County Massachusetts
26848,Hampshire County Massachusetts
266426,Middlesex County Massachusetts
1890,Nantucket County Massachusetts
99821,Norfolk County Massachusetts
89900,Plymouth County Massachusetts
120701,Suffolk County Massachusetts
150547,Worcester County Massachusetts
2749,Alcona County Michigan
2540,Alger County Michigan
27232,Allegan County Michigan
7576,Alpena County Michigan
5662,Antrim County Michigan
4219,Arenac County Michigan
2196,Baraga County Michigan
15948,Barry County Michigan
27117,Bay County Michigan
4260,Benzie County Michigan
42365,Berrien County Michigan
11686,Branch County Michigan
36770,Calhoun County Michigan
12127,Cass County Michigan
5334,Charlevoix County Michigan
6627,Cheboygan County Michigan
11267,Chippewa County Michigan
6952,Clare County Michigan
18187,Clinton County Michigan
3254,Crawford County Michigan
8923,Delta County Michigan
5947,Dickinson County Michigan
26215,Eaton County Michigan
7098,Emmet County Michigan
110468,Genesee County Michigan
6835,Gladwin County Michigan
3746,Gogebic County Michigan
20642,Grand Traverse County Michigan
11790,Gratiot County Michigan
10309,Hillsdale County Michigan
7175,Houghton County Michigan
7417,Huron County Michigan
62772,Ingham County Michigan
15717,Ionia County Michigan
7096,Iosco County Michigan
2995,Iron County Michigan
15816,Isabella County Michigan
40714,Jackson County Michigan
56688,Kalamazoo County Michigan
3910,Kalkaska County Michigan
131362,Kent County Michigan
561,Keweenaw County Michigan
2934,Lake County Michigan
21616,Lapeer County Michigan
4510,Leelanau County Michigan
23758,Lenawee County Michigan
34711,Livingston County Michigan
1834,Luce County Michigan
2990,Mackinac County Michigan
187837,Macomb County Michigan
5588,Manistee County Michigan
15300,Marquette County Michigan
7044,Mason County Michigan
9791,Mecosta County Michigan
5830,Menominee County Michigan
18847,Midland County Michigan
3597,Missaukee County Michigan
37142,Monroe County Michigan
14840,Montcalm County Michigan
2523,Montmorency County Michigan
44172,Muskegon County Michigan
12370,Newaygo County Michigan
240196,Oakland County Michigan
6724,Oceana County Michigan
5784,Ogemaw County Michigan
1899,Ontonagon County Michigan
5814,Osceola County Michigan
2038,Oscoda County Michigan
5711,Otsego County Michigan
46791,Ottawa County Michigan
3586,Presque Isle County Michigan
6701,Roscommon County Michigan
58026,Saginaw County Michigan
36637,St. Clair County Michigan
14504,St. Joseph County Michigan
11484,Sanilac County Michigan
1815,Schoolcraft County Michigan
17770,Shiawassee County Michigan
12704,Tuscola County Michigan
17432,Van Buren County Michigan
59629,Washtenaw County Michigan
445765,Wayne County Michigan
7824,Wexford County Michigan
3568,Aitkin County Minnesota
72970,Anoka County Minnesota
6667,Becker County Minnesota
8915,Beltrami County Minnesota
8137,Benton County Minnesota
1152,Big Stone County Minnesota
12009,Blue Earth County Minnesota
5592,Brown County Minnesota
7299,Carlton County Minnesota
15359,Carver County Minnesota
6195,Cass County Minnesota
2885,Chippewa County Minnesota
11056,Chisago County Minnesota
13269,Clay County Minnesota
1897,Clearwater County Minnesota
1104,Cook County Minnesota
2475,Cottonwood County Minnesota
12536,Crow Wing County Minnesota
72429,Dakota County Minnesota
4598,Dodge County Minnesota
7304,Douglas County Minnesota
3276,Faribault County Minnesota
4180,Fillmore County Minnesota
7238,Freeborn County Minnesota
9619,Goodhue County Minnesota
1254,Grant County Minnesota
189001,Hennepin County Minnesota
3944,Houston County Minnesota
4447,Hubbard County Minnesota
7537,Isanti County Minnesota
9555,Itasca County Minnesota
2297,Jackson County Minnesota
3167,Kanabec County Minnesota
8985,Kandiyohi County Minnesota
1101,Kittson County Minnesota
3032,Koochiching County Minnesota
1633,Lac qui Parle County Minnesota
2538,Lake County Minnesota
888,Lake of the Woods Count Minnesota
6092,Le Sueur County Minnesota
1232,Lincoln County Minnesota
5180,Lyon County Minnesota
8484,McLeod County Minnesota
1131,Mahnomen County Minnesota
1891,Marshall County Minnesota
4301,Martin County Minnesota
5007,Meeker County Minnesota
5430,Mille Lacs County Minnesota
6757,Morrison County Minnesota
7909,Mower County Minnesota
2103,Murray County Minnesota
6915,Nicollet County Minnesota
4251,Nobles County Minnesota
1660,Norman County Minnesota
25027,Olmsted County Minnesota
12280,Otter Tail County Minnesota
2834,Pennington County Minnesota
6403,Pine County Minnesota
2019,Pipestone County Minnesota
6936,Polk County Minnesota
2369,Pope County Minnesota
91750,Ramsey County Minnesota
908,Red Lake County Minnesota
3569,Redwood County Minnesota
3876,Renville County Minnesota
11903,Rice County Minnesota
1705,Rock County Minnesota
3819,Roseau County Minnesota
41873,St. Louis County Minnesota
21237,Scott County Minnesota
18550,Sherburne County Minnesota
3203,Sibley County Minnesota
30156,Stearns County Minnesota
6945,Steele County Minnesota
2000,Stevens County Minnesota
2142,Swift County Minnesota
5374,Todd County Minnesota
785,Traverse County Minnesota
4353,Wabasha County Minnesota
3132,Wadena County Minnesota
4416,Waseca County Minnesota
41282,Washington County Minnesota
2514,Watonwan County Minnesota
1469,Wilkin County Minnesota
10348,Winona County Minnesota
22542,Wright County Minnesota
1956,Yellow Medicine County Minnesota
8789,Adams County Mississippi
8719,Alcorn County Mississippi
3414,Amite County Mississippi
5303,Attala County Mississippi
2271,Benton County Mississippi
8616,Bolivar County Mississippi
3656,Calhoun County Mississippi
2663,Carroll County Mississippi
4573,Chickasaw County Mississippi
2175,Choctaw County Mississippi
2793,Claiborne County Mississippi
4241,Clarke County Mississippi
5773,Clay County Mississippi
8310,Coahoma County Mississippi
7382,Copiah County Mississippi
5384,Covington County Mississippi
36708,DeSoto County Mississippi
19748,Forrest County Mississippi
2423,Franklin County Mississippi
5961,George County Mississippi
4137,Greene County Mississippi
5999,Grenada County Mississippi
10799,Hancock County Mississippi
46531,Harrison County Mississippi
63648,Hinds County Mississippi
5247,Holmes County Mississippi
2702,Humphreys County Mississippi
406,Issaquena County Mississippi
6180,Itawamba County Mississippi
33290,Jackson County Mississippi
4993,Jasper County Mississippi
2561,Jefferson County Mississippi
3399,Jefferson Davis County Mississippi
17783,Jones County Mississippi
2720,Kemper County Mississippi
11558,Lafayette County Mississippi
13415,Lamar County Mississippi
21155,Lauderdale County Mississippi
3533,Lawrence County Mississippi
5670,Leake County Mississippi
17686,Lee County Mississippi
9111,Leflore County Mississippi
9069,Lincoln County Mississippi
15613,Lowndes County Mississippi
21272,Madison County Mississippi
7227,Marion County Mississippi
10520,Marshall County Mississippi
9233,Monroe County Mississippi
2880,Montgomery County Mississippi
7249,Neshoba County Mississippi
4819,Newton County Mississippi
3528,Noxubee County Mississippi
11110,Oktibbeha County Mississippi
8772,Panola County Mississippi
13300,Pearl River County Mississippi
2857,Perry County Mississippi
10684,Pike County Mississippi
7685,Pontotoc County Mississippi
6104,Prentiss County Mississippi
2361,Quitman County Mississippi
35146,Rankin County Mississippi
7737,Scott County Mississippi
1433,Sharkey County Mississippi
7032,Simpson County Mississippi
3974,Smith County Mississippi
4069,Stone County Mississippi
9323,Sunflower County Mississippi
4468,Tallahatchie County Mississippi
7075,Tate County Mississippi
5519,Tippah County Mississippi
4327,Tishomingo County Mississippi
2969,Tunica County Mississippi
6584,Union County Mississippi
4311,Walthall County Mississippi
13880,Warren County Mississippi
14100,Washington County Mississippi
5404,Wayne County Mississippi
2644,Webster County Mississippi
3122,Wilkinson County Mississippi
4984,Winston County Mississippi
3546,Yalobusha County Mississippi
7767,Yazoo County Mississippi
5676,Adair County Missouri
3689,Andrew County Missouri
1263,Atchison County Missouri
5449,Audrain County Missouri
7749,Barry County Missouri
2741,Barton County Missouri
4104,Bates County Missouri
5326,Benton County Missouri
3250,Bollinger County Missouri
30848,Boone County Missouri
25032,Buchanan County Missouri
10437,Butler County Missouri
2494,Caldwell County Missouri
11332,Callaway County Missouri
10217,Camden County Missouri
15194,Cape Girardeau County Missouri
2176,Carroll County Missouri
1508,Carter County Missouri
23486,Cass County Missouri
3250,Cedar County Missouri
1884,Chariton County Missouri
16060,Christian County Missouri
1757,Clark County Missouri
45450,Clay County Missouri
4871,Clinton County Missouri
17021,Cole County Missouri
3861,Cooper County Missouri
5846,Crawford County Missouri
1891,Dade County Missouri
4012,Dallas County Missouri
1865,Daviess County Missouri
3653,DeKalb County Missouri
4002,Dent County Missouri
3290,Douglas County Missouri
8165,Dunklin County Missouri
25495,Franklin County Missouri
3549,Gasconade County Missouri
1632,Gentry County Missouri
61071,Greene County Missouri
2430,Grundy County Missouri
2052,Harrison County Missouri
5565,Henry County Missouri
2593,Hickory County Missouri
1134,Holt County Missouri
2368,Howard County Missouri
8637,Howell County Missouri
2457,Iron County Missouri
157593,Jackson County Missouri
27367,Jasper County Missouri
55612,Jefferson County Missouri
12317,Johnson County Missouri
984,Knox County Missouri
8254,Laclede County Missouri
7559,Lafayette County Missouri
8269,Lawrence County Missouri
2560,Lewis County Missouri
13359,Lincoln County Missouri
3303,Linn County Missouri
3229,Livingston County Missouri
5075,McDonald County Missouri
3539,Macon County Missouri
3227,Madison County Missouri
2099,Maries County Missouri
5976,Marion County Missouri
886,Mercer County Missouri
6296,Miller County Missouri
3656,Mississippi County Missouri
3550,Moniteau County Missouri
2102,Monroe County Missouri
2839,Montgomery County Missouri
4429,Morgan County Missouri
4615,New Madrid County Missouri
13419,Newton County Missouri
5185,Nodaway County Missouri
2641,Oregon County Missouri
2909,Osage County Missouri
2216,Ozark County Missouri
4492,Pemiscot County Missouri
4489,Perry County Missouri
9812,Pettis County Missouri
10908,Phelps County Missouri
4622,Pike County Missouri
19179,Platte County Missouri
7579,Polk County Missouri
12335,Pulaski County Missouri
1095,Putnam County Missouri
2453,Ralls County Missouri
6468,Randolph County Missouri
5330,Ray County Missouri
1748,Reynolds County Missouri
3534,Ripley County Missouri
79224,St. Charles County Missouri
2565,St. Clair County Missouri
3866,Ste. Genevieve County Missouri
15793,St. Francois County Missouri
209233,St. Louis County Missouri
5765,Saline County Missouri
984,Schuyler County Missouri
1192,Scotland County Missouri
9156,Scott County Missouri
2288,Shannon County Missouri
1476,Shelby County Missouri
7375,Stoddard County Missouri
7897,Stone County Missouri
1490,Sullivan County Missouri
12182,Taney County Missouri
6654,Texas County Missouri
4655,Vernon County Missouri
7440,Warren County Missouri
6039,Washington County Missouri
2875,Wayne County Missouri
8159,Webster County Missouri
496,Worth County Missouri
4681,Wright County Missouri
79464,St. Louis city Missouri
1726,Beaverhead County Montana
2922,Big Horn County Montana
1456,Blaine County Montana
1254,Broadwater County Montana
2010,Carbon County Montana
223,Carter County Montana
16299,Cascade County Montana
1201,Chouteau County Montana
2111,Custer County Montana
331,Daniels County Montana
1810,Dawson County Montana
1988,Deer Lodge County Montana
531,Fallon County Montana
2238,Fergus County Montana
14212,Flathead County Montana
11797,Gallatin County Montana
219,Garfield County Montana
2776,Glacier County Montana
192,Golden Valley County Montana
522,Granite County Montana
3698,Hill County Montana
1717,Jefferson County Montana
410,Judith Basin County Montana
5667,Lake County Montana
11310,Lewis and Clark County Montana
483,Liberty County Montana
4041,Lincoln County Montana
337,McCone County Montana
1406,Madison County Montana
381,Meagher County Montana
1003,Mineral County Montana
17146,Missoula County Montana
848,Musselshell County Montana
2785,Park County Montana
89,Petroleum County Montana
851,Phillips County Montana
1307,Pondera County Montana
337,Powder River County Montana
1432,Powell County Montana
260,Prairie County Montana
6416,Ravalli County Montana
2231,Richland County Montana
2437,Roosevelt County Montana
2049,Rosebud County Montana
2353,Sanders County Montana
738,Sheridan County Montana
7094,Silver Bow County Montana
1725,Stillwater County Montana
594,Sweet Grass County Montana
1101,Teton County Montana
1184,Toole County Montana
143,Treasure County Montana
1513,Valley County Montana
393,Wheatland County Montana
220,Wibaux County Montana
29766,Yellowstone County Montana
6532,Adams County Nebraska
1395,Antelope County Nebraska
97,Arthur County Nebraska
176,Banner County Nebraska
111,Blaine County Nebraska
1138,Boone County Nebraska
2642,Box Butte County Nebraska
501,Boyd County Nebraska
769,Brown County Nebraska
9972,Buffalo County Nebraska
1623,Burt County Nebraska
1710,Butler County Nebraska
5831,Cass County Nebraska
1797,Cedar County Nebraska
789,Chase County Nebraska
1176,Cherry County Nebraska
2097,Cheyenne County Nebraska
1638,Clay County Nebraska
2436,Colfax County Nebraska
1992,Cuming County Nebraska
2575,Custer County Nebraska
4759,Dakota County Nebraska
2021,Dawes County Nebraska
5397,Dawson County Nebraska
413,Deuel County Nebraska
1401,Dixon County Nebraska
8074,Dodge County Nebraska
104788,Douglas County Nebraska
461,Dundy County Nebraska
1274,Fillmore County Nebraska
787,Franklin County Nebraska
648,Frontier County Nebraska
1194,Furnas County Nebraska
5695,Gage County Nebraska
432,Garden County Nebraska
435,Garfield County Nebraska
460,Gosper County Nebraska
135,Grant County Nebraska
629,Greeley County Nebraska
12892,Hall County Nebraska
1969,Hamilton County Nebraska
769,Harlan County Nebraska
201,Hayes County Nebraska
757,Hitchcock County Nebraska
2363,Holt County Nebraska
178,Hooker County Nebraska
1450,Howard County Nebraska
1860,Jefferson County Nebraska
1245,Johnson County Nebraska
1406,Kearney County Nebraska
1820,Keith County Nebraska
174,Keya Paha County Nebraska
907,Kimball County Nebraska
1792,Knox County Nebraska
56001,Lancaster County Nebraska
8512,Lincoln County Nebraska
163,Logan County Nebraska
145,Loup County Nebraska
108,McPherson County Nebraska
7361,Madison County Nebraska
1895,Merrick County Nebraska
1091,Morrill County Nebraska
845,Nance County Nebraska
1849,Nemaha County Nebraska
1028,Nuckolls County Nebraska
4030,Otoe County Nebraska
696,Pawnee County Nebraska
655,Perkins County Nebraska
2252,Phelps County Nebraska
1809,Pierce County Nebraska
6857,Platte County Nebraska
1313,Polk County Nebraska
2464,Red Willow County Nebraska
2079,Richardson County Nebraska
362,Rock County Nebraska
3222,Saline County Nebraska
30619,Sarpy County Nebraska
4581,Saunders County Nebraska
8705,Scotts Bluff County Nebraska
3480,Seward County Nebraska
1211,Sheridan County Nebraska
805,Sherman County Nebraska
276,Sioux County Nebraska
1344,Stanton County Nebraska
1112,Thayer County Nebraska
159,Thomas County Nebraska
1707,Thurston County Nebraska
968,Valley County Nebraska
4481,Washington County Nebraska
2018,Wayne County Nebraska
926,Webster County Nebraska
166,Wheeler County Nebraska
3337,York County Nebraska
5682,Churchill County Nevada
355684,Clark County Nevada
8219,Douglas County Nevada
10886,Elko County Nevada
184,Esmeralda County Nevada
380,Eureka County Nevada
3161,Humboldt County Nevada
1094,Lander County Nevada
1015,Lincoln County Nevada
11758,Lyon County Nevada
1121,Mineral County Nevada
10205,Nye County Nevada
1550,Pershing County Nevada
763,Storey County Nevada
69700,Washoe County Nevada
2013,White Pine County Nevada
9670,Carson City Nevada
12453,Belknap County New Hampshire
9159,Carroll County New Hampshire
15165,Cheshire County New Hampshire
8228,Coos County New Hampshire
17492,Grafton County New Hampshire
80017,Hillsborough County New Hampshire
29074,Merrimack County New Hampshire
58319,Rockingham County New Hampshire
27558,Strafford County New Hampshire
9032,Sullivan County New Hampshire
54831,Atlantic County New Jersey
145702,Bergen County New Jersey
90553,Burlington County New Jersey
103334,Camden County New Jersey
18993,Cape May County New Jersey
38350,Cumberland County New Jersey
147368,Essex County New Jersey
59385,Gloucester County New Jersey
116653,Hudson County New Jersey
19147,Hunterdon County New Jersey
68275,Mercer County New Jersey
140388,Middlesex County New Jersey
104134,Monmouth County New Jersey
75953,Morris County New Jersey
113474,Ocean County New Jersey
89244,Passaic County New Jersey
16017,Salem County New Jersey
49982,Somerset County New Jersey
28296,Sussex County New Jersey
91022,Union County New Jersey
20592,Warren County New Jersey
93689,Bernalillo County New Mexico
773,Catron County New Mexico
13786,Chaves County New Mexico
6155,Cibola County New Mexico
2633,Colfax County New Mexico
9817,Curry County New Mexico
356,De Baca County New Mexico
37009,Doa Ana County New Mexico
11011,Eddy County New Mexico
5273,Grant County New Mexico
926,Guadalupe County New Mexico
149,Harding County New Mexico
919,Hidalgo County New Mexico
14354,Lea County New Mexico
3718,Lincoln County New Mexico
2475,Los Alamos County New Mexico
4638,Luna County New Mexico
16729,McKinley County New Mexico
876,Mora County New Mexico
11418,Otero County New Mexico
1742,Quay County New Mexico
7046,Rio Arriba County New Mexico
3672,Roosevelt County New Mexico
23438,Sandoval County New Mexico
26890,San Juan County New Mexico
4878,San Miguel County New Mexico
15302,Santa Fe County New Mexico
2306,Sierra County New Mexico
3415,Socorro County New Mexico
4595,Taos County New Mexico
3115,Torrance County New Mexico
915,Union County New Mexico
15445,Valencia County New Mexico
60054,Albany County New York
10540,Allegany County New York
276082,Bronx County New York
43983,Broome County New York
16254,Cattaraugus County New York
15023,Cayuga County New York
27615,Chautauqua County New York
19422,Chemung County New York
10892,Chenango County New York
18636,Clinton County New York
11668,Columbia County New York
9758,Cortland County New York
9432,Delaware County New York
57795,Dutchess County New York
200277,Erie County New York
8418,Essex County New York
11382,Franklin County New York
11816,Fulton County New York
12949,Genesee County New York
11591,Greene County New York
1037,Hamilton County New York
15249,Herkimer County New York
24280,Jefferson County New York
428901,Kings County New York
5106,Lewis County New York
14172,Livingston County New York
14693,Madison County New York
166550,Monroe County New York
10023,Montgomery County New York
214811,Nassau County New York
206914,New York County New York
48265,Niagara County New York
48527,Oneida County New York
96972,Onondaga County New York
22588,Ontario County New York
62107,Orange County New York
10245,Orleans County New York
30151,Oswego County New York
12938,Otsego County New York
22946,Putnam County New York
393213,Queens County New York
31610,Rensselaer County New York
95770,Richmond County New York
52517,Rockland County New York
24663,St. Lawrence County New York
42677,Saratoga County New York
31577,Schenectady County New York
7395,Schoharie County New York
4007,Schuyler County New York
7614,Seneca County New York
22665,Steuben County New York
270882,Suffolk County New York
16980,Sullivan County New York
10974,Tioga County New York
16575,Tompkins County New York
38266,Ulster County New York
14619,Warren County New York
13701,Washington County New York
21756,Wayne County New York
120310,Westchester County New York
9615,Wyoming County New York
4710,Yates County New York
37904,Alamance County North Carolina
7593,Alexander County North Carolina
2143,Alleghany County North Carolina
7030,Anson County North Carolina
4832,Ashe County North Carolina
4113,Avery County North Carolina
12411,Beaufort County North Carolina
5726,Bertie County North Carolina
9495,Bladen County North Carolina
25365,Brunswick County North Carolina
43406,Buncombe County North Carolina
19503,Burke County North Carolina
38867,Cabarrus County North Carolina
18388,Caldwell County North Carolina
2181,Camden County North Carolina
15292,Carteret County North Carolina
5958,Caswell County North Carolina
32303,Catawba County North Carolina
12507,Chatham County North Carolina
5945,Cherokee County North Carolina
3352,Chowan County North Carolina
2170,Clay County North Carolina
21801,Cleveland County North Carolina
13812,Columbus County North Carolina
24548,Craven County North Carolina
75987,Cumberland County North Carolina
5123,Currituck County North Carolina
7487,Dare County North Carolina
34895,Davidson County North Carolina
8622,Davie County North Carolina
15312,Duplin County North Carolina
58613,Durham County North Carolina
15288,Edgecombe County North Carolina
66261,Forsyth County North Carolina
14803,Franklin County North Carolina
41412,Gaston County North Carolina
2949,Gates County North Carolina
1996,Graham County North Carolina
13608,Granville County North Carolina
5072,Greene County North Carolina
98148,Guilford County North Carolina
15387,Halifax County North Carolina
26477,Harnett County North Carolina
12001,Haywood County North Carolina
18178,Henderson County North Carolina
6288,Hertford County North Carolina
10611,Hoke County North Carolina
1459,Hyde County North Carolina
32184,Iredell County North Carolina
10051,Jackson County North Carolina
39620,Johnston County North Carolina
2626,Jones County North Carolina
12165,Lee County North Carolina
14920,Lenoir County North Carolina
16180,Lincoln County North Carolina
11573,McDowell County North Carolina
6538,Macon County North Carolina
4786,Madison County North Carolina
6262,Martin County North Carolina
169444,Mecklenburg County North Carolina
3560,Mitchell County North Carolina
6387,Montgomery County North Carolina
19296,Moore County North Carolina
23475,Nash County North Carolina
39800,New Hanover County North Carolina
5203,Northampton County North Carolina
34926,Onslow County North Carolina
20578,Orange County North Carolina
3176,Pamlico County North Carolina
9748,Pasquotank County North Carolina
11474,Pender County North Carolina
3335,Perquimans County North Carolina
9592,Person County North Carolina
43518,Pitt County North Carolina
3706,Polk County North Carolina
29790,Randolph County North Carolina
10346,Richmond County North Carolina
38122,Robeson County North Carolina
22946,Rockingham County North Carolina
33665,Rowan County North Carolina
15279,Rutherford County North Carolina
16775,Sampson County North Carolina
9470,Scotland County North Carolina
12028,Stanly County North Carolina
9161,Stokes County North Carolina
16782,Surry County North Carolina
3506,Swain County North Carolina
6245,Transylvania County North Carolina
1098,Tyrrell County North Carolina
37310,Union County North Carolina
10739,Vance County North Carolina
160522,Wake County North Carolina
5653,Warren County North Carolina
3241,Washington County North Carolina
10786,Watauga County North Carolina
30333,Wayne County North Carolina
15305,Wilkes County North Carolina
20641,Wilson County North Carolina
8482,Yadkin County North Carolina
3987,Yancey County North Carolina
614,Adams County North Dakota
2275,Barnes County North Dakota
1511,Benson County North Dakota
194,Billings County North Dakota
1563,Bottineau County North Dakota
760,Bowman County North Dakota
467,Burke County North Dakota
16242,Burleigh County North Dakota
30173,Cass County North Dakota
983,Cavalier County North Dakota
1166,Dickey County North Dakota
488,Divide County North Dakota
808,Dunn County North Dakota
537,Eddy County North Dakota
886,Emmons County North Dakota
770,Foster County North Dakota
382,Golden Valley County North Dakota
14891,Grand Forks County North Dakota
688,Grant County North Dakota
584,Griggs County North Dakota
513,Hettinger County North Dakota
618,Kidder County North Dakota
916,LaMoure County North Dakota
540,Logan County North Dakota
1221,McHenry County North Dakota
680,McIntosh County North Dakota
1487,McKenzie County North Dakota
2224,McLean County North Dakota
1929,Mercer County North Dakota
6007,Morton County North Dakota
2030,Mountrail County North Dakota
773,Nelson County North Dakota
436,Oliver County North Dakota
1871,Pembina County North Dakota
1084,Pierce County North Dakota
2607,Ramsey County North Dakota
1281,Ransom County North Dakota
523,Renville County North Dakota
3959,Richland County North Dakota
3584,Rolette County North Dakota
891,Sargent County North Dakota
322,Sheridan County North Dakota
1097,Sioux County North Dakota
166,Slope County North Dakota
5842,Stark County North Dakota
513,Steele County North Dakota
4822,Stutsman County North Dakota
516,Towner County North Dakota
2129,Traill County North Dakota
2790,Walsh County North Dakota
13478,Ward County North Dakota
978,Wells County North Dakota
5118,Williams County North Dakota
6358,Adams County Ohio
28697,Allen County Ohio
11867,Ashland County Ohio
22502,Ashtabula County Ohio
15899,Athens County Ohio
10841,Auglaize County Ohio
17036,Belmont County Ohio
11933,Brown County Ohio
78455,Butler County Ohio
6202,Carroll County Ohio
9652,Champaign County Ohio
33778,Clark County Ohio
37965,Clermont County Ohio
9037,Clinton County Ohio
26173,Columbiana County Ohio
8584,Coshocton County Ohio
11692,Crawford County Ohio
259216,Cuyahoga County Ohio
13500,Darke County Ohio
8035,Defiance County Ohio
30753,Delaware County Ohio
16318,Erie County Ohio
32269,Fairfield County Ohio
6640,Fayette County Ohio
257779,Franklin County Ohio
9283,Fulton County Ohio
7133,Gallia County Ohio
18441,Geauga County Ohio
31002,Greene County Ohio
9251,Guernsey County Ohio
167198,Hamilton County Ohio
17022,Hancock County Ohio
7262,Hardin County Ohio
3595,Harrison County Ohio
6737,Henry County Ohio
10332,Highland County Ohio
6882,Hocking County Ohio
7749,Holmes County Ohio
13953,Huron County Ohio
8102,Jackson County Ohio
19302,Jefferson County Ohio
13920,Knox County Ohio
49289,Lake County Ohio
17231,Lawrence County Ohio
36727,Licking County Ohio
9839,Logan County Ohio
69476,Lorain County Ohio
102160,Lucas County Ohio
9997,Madison County Ohio
53954,Mahoning County Ohio
16157,Marion County Ohio
35706,Medina County Ohio
5906,Meigs County Ohio
8432,Mercer County Ohio
23297,Miami County Ohio
3580,Monroe County Ohio
120878,Montgomery County Ohio
3592,Morgan County Ohio
7704,Morrow County Ohio
18628,Muskingum County Ohio
3719,Noble County Ohio
11184,Ottawa County Ohio
4164,Paulding County Ohio
9438,Perry County Ohio
13580,Pickaway County Ohio
6701,Pike County Ohio
35456,Portage County Ohio
10038,Preble County Ohio
7298,Putnam County Ohio
29046,Richland County Ohio
20254,Ross County Ohio
15148,Sandusky County Ohio
20921,Scioto County Ohio
12380,Seneca County Ohio
11135,Shelby County Ohio
88530,Stark County Ohio
117732,Summit County Ohio
51558,Trumbull County Ohio
21996,Tuscarawas County Ohio
12636,Union County Ohio
6776,Van Wert County Ohio
2945,Vinton County Ohio
39319,Warren County Ohio
15152,Washington County Ohio
24950,Wayne County Ohio
8320,Williams County Ohio
27312,Wood County Ohio
4875,Wyandot County Ohio
5662,Adair County Oklahoma
1492,Alfalfa County Oklahoma
3648,Atoka County Oklahoma
1273,Beaver County Oklahoma
5897,Beckham County Oklahoma
2286,Blaine County Oklahoma
10380,Bryan County Oklahoma
7532,Caddo County Oklahoma
25622,Canadian County Oklahoma
12469,Carter County Oklahoma
11922,Cherokee County Oklahoma
3830,Choctaw County Oklahoma
562,Cimarron County Oklahoma
54953,Cleveland County Oklahoma
1411,Coal County Oklahoma
30822,Comanche County Oklahoma
1529,Cotton County Oklahoma
4037,Craig County Oklahoma
18361,Creek County Oklahoma
5740,Custer County Oklahoma
10383,Delaware County Oklahoma
1028,Dewey County Oklahoma
972,Ellis County Oklahoma
14536,Garfield County Oklahoma
6484,Garvin County Oklahoma
14034,Grady County Oklahoma
1181,Grant County Oklahoma
1562,Greer County Oklahoma
713,Harmon County Oklahoma
873,Harper County Oklahoma
2891,Haskell County Oklahoma
3570,Hughes County Oklahoma
6100,Jackson County Oklahoma
1746,Jefferson County Oklahoma
2473,Johnston County Oklahoma
11878,Kay County Oklahoma
3386,Kingfisher County Oklahoma
2249,Kiowa County Oklahoma
2966,Latimer County Oklahoma
12163,Le Flore County Oklahoma
7876,Lincoln County Oklahoma
10140,Logan County Oklahoma
2144,Love County Oklahoma
8007,McClain County Oklahoma
8462,McCurtain County Oklahoma
5462,McIntosh County Oklahoma
1791,Major County Oklahoma
3984,Marshall County Oklahoma
10698,Mayes County Oklahoma
3447,Murray County Oklahoma
16457,Muskogee County Oklahoma
2973,Noble County Oklahoma
2546,Nowata County Oklahoma
3193,Okfuskee County Oklahoma
156099,Oklahoma County Oklahoma
9339,Okmulgee County Oklahoma
11467,Osage County Oklahoma
7223,Ottawa County Oklahoma
4404,Pawnee County Oklahoma
17834,Payne County Oklahoma
11818,Pittsburg County Oklahoma
10777,Pontotoc County Oklahoma
18622,Pottawatomie County Oklahoma
2727,Pushmataha County Oklahoma
857,Roger Mills County Oklahoma
19249,Rogers County Oklahoma
7017,Seminole County Oklahoma
11601,Sequoyah County Oklahoma
9763,Stephens County Oklahoma
4369,Texas County Oklahoma
1952,Tillman County Oklahoma
131258,Tulsa County Oklahoma
16386,Wagoner County Oklahoma
11653,Washington County Oklahoma
2735,Washita County Oklahoma
2188,Woods County Oklahoma
5097,Woodward County Oklahoma
3149,Baker County Oregon
14441,Benton County Oregon
72742,Clackamas County Oregon
7407,Clatsop County Oregon
10298,Columbia County Oregon
14331,Coos County Oregon
4248,Crook County Oregon
5377,Curry County Oregon
25156,Deschutes County Oregon
27247,Douglas County Oregon
406,Gilliam County Oregon
1433,Grant County Oregon
1597,Harney County Oregon
3550,Hood River County Oregon
36744,Jackson County Oregon
4805,Jefferson County Oregon
16385,Josephine County Oregon
13483,Klamath County Oregon
1867,Lake County Oregon
72089,Lane County Oregon
10420,Lincoln County Oregon
25636,Linn County Oregon
6329,Malheur County Oregon
69881,Marion County Oregon
1987,Morrow County Oregon
127018,Multnomah County Oregon
16572,Polk County Oregon
359,Sherman County Oregon
5428,Tillamook County Oregon
18115,Umatilla County Oregon
5347,Union County Oregon
1422,Wallowa County Oregon
6190,Wasco County Oregon
94100,Washington County Oregon
300,Wheeler County Oregon
20912,Yamhill County Oregon
21443,Adams County Pennsylvania
259061,Allegheny County Pennsylvania
16467,Armstrong County Pennsylvania
39586,Beaver County Pennsylvania
12660,Bedford County Pennsylvania
83083,Berks County Pennsylvania
31980,Blair County Pennsylvania
16377,Bradford County Pennsylvania
120301,Bucks County Pennsylvania
39910,Butler County Pennsylvania
40508,Cambria County Pennsylvania
1164,Cameron County Pennsylvania
16246,Carbon County Pennsylvania
29808,Centre County Pennsylvania
80298,Chester County Pennsylvania
9558,Clarion County Pennsylvania
18595,Clearfield County Pennsylvania
9147,Clinton County Pennsylvania
16949,Columbia County Pennsylvania
19730,Crawford County Pennsylvania
45807,Cumberland County Pennsylvania
64196,Dauphin County Pennsylvania
114739,Delaware County Pennsylvania
7694,Elk County Pennsylvania
58634,Erie County Pennsylvania
36588,Fayette County Pennsylvania
2134,Forest County Pennsylvania
35757,Franklin County Pennsylvania
3417,Fulton County Pennsylvania
9158,Greene County Pennsylvania
10404,Huntingdon County Pennsylvania
19885,Indiana County Pennsylvania
9996,Jefferson County Pennsylvania
5571,Juniata County Pennsylvania
40889,Lackawanna County Pennsylvania
106299,Lancaster County Pennsylvania
19566,Lawrence County Pennsylvania
31895,Lebanon County Pennsylvania
72028,Lehigh County Pennsylvania
73523,Luzerne County Pennsylvania
27502,Lycoming County Pennsylvania
10492,McKean County Pennsylvania
27146,Mercer County Pennsylvania
10534,Mifflin County Pennsylvania
34801,Monroe County Pennsylvania
143773,Montgomery County Pennsylvania
4243,Montour County Pennsylvania
64707,Northampton County Pennsylvania
25035,Northumberland County Pennsylvania
10515,Perry County Pennsylvania
345026,Philadelphia County Pennsylvania
13277,Pike County Pennsylvania
4158,Potter County Pennsylvania
38103,Schuylkill County Pennsylvania
9785,Snyder County Pennsylvania
19072,Somerset County Pennsylvania
1673,Sullivan County Pennsylvania
10761,Susquehanna County Pennsylvania
10222,Tioga County Pennsylvania
10153,Union County Pennsylvania
13384,Venango County Pennsylvania
10024,Warren County Pennsylvania
44212,Washington County Pennsylvania
12089,Wayne County Pennsylvania
80323,Westmoreland County Pennsylvania
6910,Wyoming County Pennsylvania
105941,York County Pennsylvania
7643,Bristol County Rhode Island
35583,Kent County Rhode Island
14074,Newport County Rhode Island
127096,Providence County Rhode Island
21564,Washington County Rhode Island
6525,Abbeville County South Carolina
37987,Aiken County South Carolina
2851,Allendale County South Carolina
42408,Anderson County South Carolina
4873,Bamberg County South Carolina
5978,Barnwell County South Carolina
26724,Beaufort County South Carolina
49770,Berkeley County South Carolina
4406,Calhoun County South Carolina
74002,Charleston County South Carolina
12627,Cherokee County South Carolina
8152,Chester County South Carolina
12184,Chesterfield County South Carolina
9773,Clarendon County South Carolina
10450,Colleton County South Carolina
17849,Darlington County South Carolina
9011,Dillon County South Carolina
28102,Dorchester County South Carolina
7299,Edgefield County South Carolina
7107,Fairfield County South Carolina
35981,Florence County South Carolina
16110,Georgetown County South Carolina
98635,Greenville County South Carolina
17092,Greenwood County South Carolina
6531,Hampton County South Carolina
58108,Horry County South Carolina
7490,Jasper County South Carolina
14065,Kershaw County South Carolina
18263,Lancaster County South Carolina
17551,Laurens County South Carolina
5702,Lee County South Carolina
59115,Lexington County South Carolina
2966,McCormick County South Carolina
9348,Marion County South Carolina
8958,Marlboro County South Carolina
9775,Newberry County South Carolina
17756,Oconee County South Carolina
27116,Orangeburg County South Carolina
25043,Pickens County South Carolina
87089,Richland County South Carolina
4729,Saluda County South Carolina
58932,Spartanburg County South Carolina
27508,Sumter County South Carolina
7750,Union County South Carolina
10799,Williamsburg County South Carolina
46398,York County South Carolina
615,Aurora County South Dakota
3864,Beadle County South Dakota
807,Bennett County South Dakota
1783,Bon Homme County South Dakota
6470,Brookings County South Dakota
8417,Brown County South Dakota
1376,Brule County South Dakota
456,Buffalo County South Dakota
2231,Butte County South Dakota
367,Campbell County South Dakota
2048,Charles Mix County South Dakota
901,Clark County South Dakota
3049,Clay County South Dakota
5836,Codington County South Dakota
1054,Corson County South Dakota
1618,Custer County South Dakota
4640,Davison County South Dakota
1462,Day County South Dakota
1133,Deuel County South Dakota
1408,Dewey County South Dakota
658,Douglas County South Dakota
1076,Edmunds County South Dakota
1841,Fall River County South Dakota
521,Faulk County South Dakota
1889,Grant County South Dakota
942,Gregory County South Dakota
440,Haakon County South Dakota
1214,Hamlin County South Dakota
811,Hand County South Dakota
644,Hanson County South Dakota
286,Harding County South Dakota
3906,Hughes County South Dakota
1608,Hutchinson County South Dakota
358,Hyde County South Dakota
688,Jackson County South Dakota
490,Jerauld County South Dakota
236,Jones County South Dakota
1174,Kingsbury County South Dakota
2550,Lake County South Dakota
4504,Lawrence County South Dakota
8599,Lincoln County South Dakota
909,Lyman County South Dakota
1178,McCook County South Dakota
532,McPherson County South Dakota
1019,Marshall County South Dakota
5163,Meade County South Dakota
499,Mellette County South Dakota
553,Miner County South Dakota
35698,Minnehaha County South Dakota
1615,Moody County South Dakota
20051,Pennington County South Dakota
706,Perkins County South Dakota
521,Potter County South Dakota
2586,Roberts County South Dakota
622,Sanborn County South Dakota
3219,Shannon County South Dakota
1607,Spink County South Dakota
713,Stanley County South Dakota
356,Sully County South Dakota
2302,Todd County South Dakota
1439,Tripp County South Dakota
1995,Turner County South Dakota
3135,Union County South Dakota
1351,Walworth County South Dakota
4951,Yankton County South Dakota
723,Ziebach County South Dakota
17607,Anderson County Tennessee
11490,Bedford County Tennessee
4331,Benton County Tennessee
3108,Bledsoe County Tennessee
29626,Blount County Tennessee
21878,Bradley County Tennessee
10262,Campbell County Tennessee
3356,Cannon County Tennessee
7536,Carroll County Tennessee
13286,Carter County Tennessee
8428,Cheatham County Tennessee
4429,Chester County Tennessee
7774,Claiborne County Tennessee
1870,Clay County Tennessee
9067,Cocke County Tennessee
13309,Coffee County Tennessee
3683,Crockett County Tennessee
12674,Cumberland County Tennessee
143278,Davidson County Tennessee
2990,Decatur County Tennessee
4483,DeKalb County Tennessee
11573,Dickson County Tennessee
9362,Dyer County Tennessee
10641,Fayette County Tennessee
4671,Fentress County Tennessee
9679,Franklin County Tennessee
13399,Gibson County Tennessee
7979,Giles County Tennessee
5140,Grainger County Tennessee
18576,Greene County Tennessee
3137,Grundy County Tennessee
14478,Hamblen County Tennessee
77894,Hamilton County Tennessee
1572,Hancock County Tennessee
7677,Hardeman County Tennessee
6480,Hardin County Tennessee
14789,Hawkins County Tennessee
5206,Haywood County Tennessee
7404,Henderson County Tennessee
8666,Henry County Tennessee
6240,Hickman County Tennessee
2021,Houston County Tennessee
4359,Humphreys County Tennessee
2757,Jackson County Tennessee
10922,Jefferson County Tennessee
4529,Johnson County Tennessee
96039,Knox County Tennessee
2091,Lake County Tennessee
7530,Lauderdale County Tennessee
9467,Lawrence County Tennessee
2908,Lewis County Tennessee
7880,Lincoln County Tennessee
11170,Loudon County Tennessee
13090,McMinn County Tennessee
6843,McNairy County Tennessee
5424,Macon County Tennessee
25605,Madison County Tennessee
6426,Marion County Tennessee
6679,Marshall County Tennessee
20988,Maury County Tennessee
2932,Meigs County Tennessee
11814,Monroe County Tennessee
38363,Montgomery County Tennessee
1564,Moore County Tennessee
5314,Morgan County Tennessee
7635,Obion County Tennessee
5148,Overton County Tennessee
1749,Perry County Tennessee
1251,Pickett County Tennessee
4013,Polk County Tennessee
17448,Putnam County Tennessee
8732,Rhea County Tennessee
13582,Roane County Tennessee
15754,Robertson County Tennessee
58074,Rutherford County Tennessee
4787,Scott County Tennessee
3642,Sequatchie County Tennessee
21068,Sevier County Tennessee
227315,Shelby County Tennessee
4632,Smith County Tennessee
3115,Stewart County Tennessee
39963,Sullivan County Tennessee
34267,Sumner County Tennessee
14803,Tipton County Tennessee
1858,Trousdale County Tennessee
4467,Unicoi County Tennessee
4796,Union County Tennessee
1427,Van Buren County Tennessee
9958,Warren County Tennessee
27640,Washington County Tennessee
4185,Wayne County Tennessee
7691,Weakley County Tennessee
5903,White County Tennessee
32824,Williamson County Tennessee
27877,Wilson County Tennessee
15592,Anderson County Texas
3064,Andrews County Texas
19463,Angelina County Texas
5052,Aransas County Texas
1954,Archer County Texas
388,Armstrong County Texas
9496,Atascosa County Texas
6349,Austin County Texas
1375,Bailey County Texas
4680,Bandera County Texas
16565,Bastrop County Texas
784,Baylor County Texas
7160,Bee County Texas
62628,Bell County Texas
351441,Bexar County Texas
2363,Blanco County Texas
139,Borden County Texas
3874,Bosque County Texas
21377,Bowie County Texas
63731,Brazoria County Texas
39337,Brazos County Texas
1955,Brewster County Texas
355,Briscoe County Texas
1445,Brooks County Texas
9035,Brown County Texas
4072,Burleson County Texas
8857,Burnet County Texas
8531,Caldwell County Texas
4289,Calhoun County Texas
2971,Callahan County Texas
70358,Cameron County Texas
2769,Camp County Texas
1341,Carson County Texas
6690,Cass County Texas
1589,Castro County Texas
7323,Chambers County Texas
12130,Cherokee County Texas
1567,Childress County Texas
2364,Clay County Texas
643,Cochran County Texas
776,Coke County Texas
1833,Coleman County Texas
133285,Collin County Texas
645,Collingsworth County Texas
4442,Colorado County Texas
23623,Comal County Texas
2961,Comanche County Texas
1077,Concho County Texas
8698,Cooke County Texas
15536,Coryell County Texas
325,Cottle County Texas
874,Crane County Texas
805,Crockett County Texas
1163,Crosby County Texas
484,Culberson County Texas
1294,Dallam County Texas
501156,Dallas County Texas
3020,Dawson County Texas
3994,Deaf Smith County Texas
1183,Delta County Texas
137168,Denton County Texas
4256,DeWitt County Texas
558,Dickens County Texas
2074,Dimmit County Texas
841,Donley County Texas
2505,Duval County Texas
4419,Eastland County Texas
29770,Ector County Texas
439,Edwards County Texas
29850,Ellis County Texas
125500,El Paso County Texas
7699,Erath County Texas
4199,Falls County Texas
8222,Fannin County Texas
5183,Fayette County Texas
909,Fisher County Texas
1277,Floyd County Texas
291,Foard County Texas
100930,Fort Bend County Texas
2197,Franklin County Texas
4658,Freestone County Texas
3678,Frio County Texas
3473,Gaines County Texas
61655,Galveston County Texas
1627,Garza County Texas
5718,Gillespie County Texas
254,Glasscock County Texas
1643,Goliad County Texas
4493,Gonzales County Texas
4991,Gray County Texas
23833,Grayson County Texas
28238,Gregg County Texas
6913,Grimes County Texas
27508,Guadalupe County Texas
6963,Hale County Texas
691,Hall County Texas
1897,Hamilton County Texas
1067,Hansford County Texas
924,Hardeman County Texas
12435,Hardin County Texas
810455,Harris County Texas
15577,Harrison County Texas
1454,Hartley County Texas
1287,Haskell County Texas
33901,Hays County Texas
791,Hemphill County Texas
16232,Henderson County Texas
150559,Hidalgo County Texas
8587,Hill County Texas
4546,Hockley County Texas
11258,Hood County Texas
8240,Hopkins County Texas
5441,Houston County Texas
8381,Howard County Texas
670,Hudspeth County Texas
20184,Hunt County Texas
5165,Hutchinson County Texas
348,Irion County Texas
1944,Jack County Texas
3208,Jackson County Texas
7905,Jasper County Texas
481,Jeff Davis County Texas
65411,Jefferson County Texas
1075,Jim Hogg County Texas
8433,Jim Wells County Texas
34564,Johnson County Texas
4994,Jones County Texas
3286,Karnes County Texas
26578,Kaufman County Texas
5999,Kendall County Texas
91,Kenedy County Texas
178,Kent County Texas
10645,Kerr County Texas
991,Kimble County Texas
59,King County Texas
823,Kinney County Texas
6736,Kleberg County Texas
751,Knox County Texas
10018,Lamar County Texas
2855,Lamb County Texas
4162,Lampasas County Texas
1502,La Salle County Texas
4213,Lavaca County Texas
3882,Lee County Texas
3731,Leon County Texas
17347,Liberty County Texas
5130,Limestone County Texas
681,Lipscomb County Texas
2644,Live Oak County Texas
4035,Llano County Texas
22,Loving County Texas
56146,Lubbock County Texas
1247,Lynn County Texas
1780,McCulloch County Texas
50455,McLennan County Texas
170,McMullen County Texas
3244,Madison County Texas
2624,Marion County Texas
961,Martin County Texas
846,Mason County Texas
7887,Matagorda County Texas
10397,Maverick County Texas
9274,Medina County Texas
513,Menard County Texas
26775,Midland County Texas
5484,Milam County Texas
1108,Mills County Texas
2140,Mitchell County Texas
4169,Montague County Texas
92884,Montgomery County Texas
4501,Moore County Texas
3062,Morris County Texas
255,Motley County Texas
13535,Nacogdoches County Texas
11282,Navarro County Texas
3437,Newton County Texas
3165,Nolan County Texas
71293,Nueces County Texas
1986,Ochiltree County Texas
392,Oldham County Texas
19480,Orange County Texas
5730,Palo Pinto County Texas
5357,Panola County Texas
26218,Parker County Texas
2150,Parmer County Texas
3344,Pecos County Texas
11896,Polk County Texas
28897,Potter County Texas
1356,Presidio County Texas
2443,Rains County Texas
22550,Randall County Texas
666,Reagan County Texas
748,Real County Texas
3097,Red River County Texas
3185,Reeves County Texas
1610,Refugio County Texas
193,Roberts County Texas
3764,Robertson County Texas
14837,Rockwall County Texas
2488,Runnels County Texas
13978,Rusk County Texas
2729,Sabine County Texas
1975,San Augustine County Texas
5926,San Jacinto County Texas
13041,San Patricio County Texas
1406,San Saba County Texas
688,Schleicher County Texas
3587,Scurry County Texas
768,Shackelford County Texas
6059,Shelby County Texas
602,Sherman County Texas
42150,Smith County Texas
1714,Somervell County Texas
11220,Starr County Texas
2072,Stephens County Texas
245,Sterling County Texas
327,Stonewall County Texas
828,Sutton County Texas
1585,Swisher County Texas
351849,Tarrant County Texas
26673,Taylor County Texas
217,Terrell County Texas
2880,Terry County Texas
359,Throckmorton County Texas
6590,Titus County Texas
22597,Tom Green County Texas
178067,Travis County Texas
3541,Trinity County Texas
5043,Tyler County Texas
8895,Upshur County Texas
704,Upton County Texas
5274,Uvalde County Texas
9159,Val Verde County Texas
12598,Van Zandt County Texas
18322,Victoria County Texas
17359,Walker County Texas
9606,Waller County Texas
2237,Ward County Texas
7099,Washington County Texas
47283,Webb County Texas
8527,Wharton County Texas
1153,Wheeler County Texas
31462,Wichita County Texas
2820,Wilbarger County Texas
4405,Willacy County Texas
79808,Williamson County Texas
8456,Wilson County Texas
1529,Winkler County Texas
12400,Wise County Texas
9447,Wood County Texas
1538,Yoakum County Texas
3802,Young County Texas
2672,Zapata County Texas
2214,Zavala County Texas
1192,Beaver County Utah
9006,Box Elder County Utah
17047,Cache County Utah
3901,Carbon County Utah
221,Daggett County Utah
47853,Davis County Utah
3158,Duchesne County Utah
1991,Emery County Utah
958,Garfield County Utah
1437,Grand County Utah
7679,Iron County Utah
1829,Juab County Utah
1215,Kane County Utah
2427,Millard County Utah
1350,Morgan County Utah
256,Piute County Utah
429,Rich County Utah
173298,Salt Lake County Utah
2643,San Juan County Utah
4428,Sanpete County Utah
4002,Sevier County Utah
3923,Summit County Utah
10901,Tooele County Utah
6183,Uintah County Utah
73887,Utah County Utah
3511,Wasatch County Utah
22011,Washington County Utah
467,Wayne County Utah
42548,Weber County Utah
6317,Addison County Vermont
7017,Bennington County Vermont
6585,Caledonia County Vermont
24528,Chittenden County Vermont
1415,Essex County Vermont
10206,Franklin County Vermont
1500,Grand Isle County Vermont
4689,Lamoille County Vermont
6210,Orange County Vermont
6227,Orleans County Vermont
13496,Rutland County Vermont
9894,Washington County Vermont
8110,Windham County Vermont
10650,Windsor County Vermont
9056,Accomack County Virginia
19638,Albemarle County Virginia
3232,Alleghany County Virginia
3155,Amelia County Virginia
7529,Amherst County Virginia
3453,Appomattox County Virginia
33562,Arlington County Virginia
15481,Augusta County Virginia
1060,Bath County Virginia
13374,Bedford County Virginia
1536,Bland County Virginia
6820,Botetourt County Virginia
4733,Brunswick County Virginia
5585,Buchanan County Virginia
4151,Buckingham County Virginia
13161,Campbell County Virginia
6337,Caroline County Virginia
7187,Carroll County Virginia
2069,Charles City County Virginia
2966,Charlotte County Virginia
64050,Chesterfield County Virginia
3149,Clarke County Virginia
1192,Craig County Virginia
11077,Culpeper County Virginia
2418,Cumberland County Virginia
3516,Dickenson County Virginia
6742,Dinwiddie County Virginia
2469,Essex County Virginia
177922,Fairfax County Virginia
13220,Fauquier County Virginia
3259,Floyd County Virginia
5832,Fluvanna County Virginia
12425,Franklin County Virginia
16678,Frederick County Virginia
4280,Giles County Virginia
8629,Gloucester County Virginia
4409,Goochland County Virginia
3887,Grayson County Virginia
4017,Greene County Virginia
3401,Greensville County Virginia
8942,Halifax County Virginia
19250,Hanover County Virginia
63198,Henrico County Virginia
12723,Henry County Virginia
540,Highland County Virginia
8403,Isle of Wight County Virginia
13695,James City County Virginia
1822,King and Queen County Virginia
4791,King George County Virginia
3740,King William County Virginia
2954,Lancaster County Virginia
6517,Lee County Virginia
48141,Loudoun County Virginia
8580,Louisa County Virginia
3424,Lunenburg County Virginia
3314,Madison County Virginia
1969,Mathews County Virginia
8426,Mecklenburg County Virginia
2566,Middlesex County Virginia
19155,Montgomery County Virginia
3016,Nelson County Virginia
4223,New Kent County Virginia
2887,Northampton County Virginia
2993,Northumberland County Virginia
4418,Nottoway County Virginia
8220,Orange County Virginia
5679,Page County Virginia
4262,Patrick County Virginia
15035,Pittsylvania County Virginia
6083,Powhatan County Virginia
5813,Prince Edward County Virginia
9630,Prince George County Virginia
78691,Prince William County Virginia
7488,Pulaski County Virginia
1546,Rappahannock County Virginia
2331,Richmond County Virginia
18665,Roanoke County Virginia
4903,Rockbridge County Virginia
16704,Rockingham County Virginia
7150,Russell County Virginia
5407,Scott County Virginia
9555,Shenandoah County Virginia
7758,Smyth County Virginia
4474,Southampton County Virginia
25499,Spotsylvania County Virginia
28172,Stafford County Virginia
1782,Surry County Virginia
3647,Sussex County Virginia
10713,Tazewell County Virginia
7142,Warren County Virginia
12593,Washington County Virginia
3945,Westmoreland County Virginia
10589,Wise County Virginia
6482,Wythe County Virginia
13149,York County Virginia
22405,Alexandria city Virginia
1437,Bedford city Virginia
3996,Bristol city Virginia
1424,Buena Vista city Virginia
9995,Charlottesville city Virginia
45469,Chesapeake city Virginia
3579,Colonial Heights city Virginia
1329,Covington city Virginia
10794,Danville city Virginia
1428,Emporia city Virginia
4409,Fairfax city Virginia
2451,Falls Church city Virginia
2151,Franklin city Virginia
5788,Fredericksburg city Virginia
1609,Galax city Virginia
36943,Hampton city Virginia
10874,Harrisonburg city Virginia
5574,Hopewell city Virginia
1504,Lexington city Virginia
18250,Lynchburg city Virginia
7808,Manassas city Virginia
3044,Manassas Park city Virginia
3386,Martinsville city Virginia
44135,Newport News city Virginia
63949,Norfolk city Virginia
848,Norton city Virginia
9433,Petersburg city Virginia
2612,Poquoson city Virginia
28235,Portsmouth city Virginia
3441,Radford city Virginia
43665,Richmond city Virginia
26196,Roanoke city Virginia
5315,Salem city Virginia
5337,Staunton city Virginia
19634,Suffolk city Virginia
88479,Virginia Beach city Virginia
4600,Waynesboro city Virginia
3038,Williamsburg city Virginia
5747,Winchester city Virginia
4349,Adams County Washington
4785,Asotin County Washington
40125,Benton County Washington
14133,Chelan County Washington
15636,Clallam County Washington
88403,Clark County Washington
1043,Columbia County Washington
27563,Cowlitz County Washington
7787,Douglas County Washington
1601,Ferry County Washington
16029,Franklin County Washington
594,Garfield County Washington
19497,Grant County Washington
18067,Grays Harbor County Washington
15888,Island County Washington
6278,Jefferson County Washington
331336,King County Washington
56090,Kitsap County Washington
8383,Kittitas County Washington
4306,Klickitat County Washington
18143,Lewis County Washington
2524,Lincoln County Washington
15129,Mason County Washington
9021,Okanogan County Washington
5860,Pacific County Washington
2939,Pend Oreille County Washington
180950,Pierce County Washington
2423,San Juan County Washington
23980,Skagit County Washington
2670,Skamania County Washington
152209,Snohomish County Washington
97073,Spokane County Washington
8906,Stevens County Washington
53764,Thurston County Washington
982,Wahkiakum County Washington
11923,Walla Walla County Washington
38209,Whatcom County Washington
9267,Whitman County Washington
51776,Yakima County Washington
3980,Barbour County West Virginia
25307,Berkeley County West Virginia
6160,Boone County West Virginia
3812,Braxton County West Virginia
6413,Brooke County West Virginia
25187,Cabell County West Virginia
2141,Calhoun County West Virginia
2661,Clay County West Virginia
2201,Doddridge County West Virginia
11863,Fayette County West Virginia
2531,Gilmer County West Virginia
3045,Grant County West Virginia
8354,Greenbrier County West Virginia
6190,Hampshire County West Virginia
7780,Hancock County West Virginia
3443,Hardy County West Virginia
16815,Harrison County West Virginia
7666,Jackson County West Virginia
13117,Jefferson County West Virginia
46958,Kanawha County West Virginia
4016,Lewis County West Virginia
6196,Lincoln County West Virginia
11718,Logan County West Virginia
6301,McDowell County West Virginia
14687,Marion County West Virginia
8076,Marshall County West Virginia
7780,Mason County West Virginia
16206,Mercer County West Virginia
7271,Mineral County West Virginia
7089,Mingo County West Virginia
20947,Monongalia County West Virginia
3234,Monroe County West Virginia
4388,Morgan County West Virginia
6753,Nicholas County West Virginia
9381,Ohio County West Virginia
2115,Pendleton County West Virginia
1814,Pleasants County West Virginia
2149,Pocahontas County West Virginia
9339,Preston County West Virginia
12148,Putnam County West Virginia
20295,Raleigh County West Virginia
7477,Randolph County West Virginia
2603,Ritchie County West Virginia
4140,Roane County West Virginia
3980,Summers County West Virginia
4266,Taylor County West Virginia
1677,Tucker County West Virginia
2398,Tyler County West Virginia
5756,Upshur County West Virginia
11298,Wayne County West Virginia
2494,Webster County West Virginia
4503,Wetzel County West Virginia
1683,Wirt County West Virginia
20923,Wood County West Virginia
6688,Wyoming County West Virginia
5151,Adams County Wisconsin
3651,Ashland County Wisconsin
11374,Barron County Wisconsin
3443,Bayfield County Wisconsin
52668,Brown County Wisconsin
3433,Buffalo County Wisconsin
3690,Burnett County Wisconsin
10750,Calumet County Wisconsin
13800,Chippewa County Wisconsin
6984,Clark County Wisconsin
14139,Columbia County Wisconsin
3670,Crawford County Wisconsin
91079,Dane County Wisconsin
22535,Dodge County Wisconsin
6845,Door County Wisconsin
9912,Douglas County Wisconsin
9277,Dunn County Wisconsin
21174,Eau Claire County Wisconsin
1082,Florence County Wisconsin
23450,Fond du Lac County Wisconsin
2094,Forest County Wisconsin
10012,Grant County Wisconsin
7683,Green County Wisconsin
4226,Green Lake County Wisconsin
4907,Iowa County Wisconsin
1415,Iron County Wisconsin
4844,Jackson County Wisconsin
19847,Jefferson County Wisconsin
6038,Juneau County Wisconsin
37049,Kenosha County Wisconsin
4823,Kewaunee County Wisconsin
20552,La Crosse County Wisconsin
3661,Lafayette County Wisconsin
4497,Langlade County Wisconsin
6357,Lincoln County Wisconsin
19526,Manitowoc County Wisconsin
27814,Marathon County Wisconsin
9535,Marinette County Wisconsin
3549,Marquette County Wisconsin
1096,Menominee County Wisconsin
213333,Milwaukee County Wisconsin
9270,Monroe County Wisconsin
8346,Oconto County Wisconsin
7861,Oneida County Wisconsin
39090,Outagamie County Wisconsin
16454,Ozaukee County Wisconsin
1558,Pepin County Wisconsin
8382,Pierce County Wisconsin
10478,Polk County Wisconsin
15049,Portage County Wisconsin
3186,Price County Wisconsin
43806,Racine County Wisconsin
4205,Richland County Wisconsin
35191,Rock County Wisconsin
3340,Rusk County Wisconsin
18237,St. Croix County Wisconsin
13241,Sauk County Wisconsin
3413,Sawyer County Wisconsin
9883,Shawano County Wisconsin
22776,Sheboygan County Wisconsin
4438,Taylor County Wisconsin
7032,Trempealeau County Wisconsin
5990,Vernon County Wisconsin
4830,Vilas County Wisconsin
19535,Walworth County Wisconsin
3802,Washburn County Wisconsin
26430,Washington County Wisconsin
71640,Waukesha County Wisconsin
11935,Waupaca County Wisconsin
5668,Waushara County Wisconsin
37219,Winnebago County Wisconsin
15446,Wood County Wisconsin
6040,Albany County Wyoming
2297,Big Horn County Wyoming
10472,Campbell County Wyoming
3245,Carbon County Wyoming
2967,Converse County Wyoming
1269,Crook County Wyoming
7427,Fremont County Wyoming
2713,Goshen County Wyoming
941,Hot Springs County Wyoming
1569,Johnson County Wyoming
17390,Laramie County Wyoming
2914,Lincoln County Wyoming
15066,Natrona County Wyoming
471,Niobrara County Wyoming
4542,Park County Wyoming
1738,Platte County Wyoming
5607,Sheridan County Wyoming
1760,Sublette County Wyoming
8392,Sweetwater County Wyoming
2224,Teton County Wyoming
4252,Uinta County Wyoming
1495,Washakie County Wyoming
1716,Weston County Wyoming
