Unemployment_rate_2010,CountyState
8.9,Autauga County Alabama
10,Baldwin County Alabama
12.3,Barbour County Alabama
11.4,Bibb County Alabama
9.8,Blount County Alabama
11.8,Bullock County Alabama
13.6,Butler County Alabama
11.4,Calhoun County Alabama
14.9,Chambers County Alabama
10.6,Cherokee County Alabama
10.3,Chilton County Alabama
13.3,Choctaw County Alabama
19.9,Clarke County Alabama
14.5,Clay County Alabama
10,Cleburne County Alabama
8.6,Coffee County Alabama
11.5,Colbert County Alabama
17.2,Conecuh County Alabama
15.4,Coosa County Alabama
10.3,Covington County Alabama
10.2,Crenshaw County Alabama
10.4,Cullman County Alabama
8.8,Dale County Alabama
16.9,Dallas County Alabama
12.7,DeKalb County Alabama
9.1,Elmore County Alabama
11.8,Escambia County Alabama
10.9,Etowah County Alabama
13,Fayette County Alabama
10.7,Franklin County Alabama
10.4,Geneva County Alabama
17.3,Greene County Alabama
15.1,Hale County Alabama
10.9,Henry County Alabama
9.1,Houston County Alabama
11.8,Jackson County Alabama
10.3,Jefferson County Alabama
13.2,Lamar County Alabama
10.1,Lauderdale County Alabama
12.6,Lawrence County Alabama
9,Lee County Alabama
9.6,Limestone County Alabama
18.5,Lowndes County Alabama
14.8,Macon County Alabama
8.3,Madison County Alabama
13.7,Marengo County Alabama
13.6,Marion County Alabama
9.6,Marshall County Alabama
11.3,Mobile County Alabama
18.1,Monroe County Alabama
10,Montgomery County Alabama
10.8,Morgan County Alabama
16.8,Perry County Alabama
13.1,Pickens County Alabama
9.4,Pike County Alabama
13.4,Randolph County Alabama
10.9,Russell County Alabama
10.1,St. Clair County Alabama
7.1,Shelby County Alabama
13.3,Sumter County Alabama
13.5,Talladega County Alabama
13.1,Tallapoosa County Alabama
9.2,Tuscaloosa County Alabama
12.7,Walker County Alabama
14.2,Washington County Alabama
26.3,Wilcox County Alabama
16,Winston County Alabama
5.6,Aleutians East Borough Alaska
5.1,Aleutians West Census Area Alaska
6.6,Anchorage Borough/municipality Alaska
14.6,Bethel Census Area Alaska
9.7,Bristol Bay Borough Alaska
11.9,Denali Borough Alaska
10.1,Dillingham Census Area Alaska
6.6,Fairbanks North Star Borough Alaska
10.6,Haines Borough Alaska
5.9,Juneau Borough/city Alaska
10,Kenai Peninsula Borough Alaska
8.7,Ketchikan Gateway Borough Alaska
7.4,Kodiak Island Borough Alaska
20.4,Kusilvak Census Area Alaska
14.4,Lake and Peninsula Borough Alaska
9.4,Matanuska-Susitna Borough Alaska
12.6,Nome Census Area Alaska
8,North Slope Borough Alaska
13.4,Northwest Arctic Borough Alaska
6.3,Sitka Borough/city Alaska
11.9,Southeast Fairbanks Census Area Alaska
9.4,Valdez-Cordova Census Area Alaska
10.8,Yakutat Borough/city Alaska
17.2,Yukon-Koyukuk Census Area Alaska
16.4,Apache County Arizona
9.3,Cochise County Arizona
9.9,Coconino County Arizona
12.5,Gila County Arizona
12.9,Graham County Arizona
16.4,Greenlee County Arizona
10.2,La Paz County Arizona
9.5,Maricopa County Arizona
13,Mohave County Arizona
14.7,Navajo County Arizona
9.3,Pima County Arizona
10.7,Pinal County Arizona
15.2,Santa Cruz County Arizona
10.7,Yavapai County Arizona
25.1,Yuma County Arizona
18.6,Arkansas County Arkansas
10.1,Ashley County Arkansas
9.4,Baxter County Arkansas
6.6,Benton County Arkansas
7.8,Boone County Arkansas
10.8,Bradley County Arkansas
8.8,Calhoun County Arkansas
7.3,Carroll County Arkansas
12.3,Chicot County Arkansas
8.6,Clark County Arkansas
11,Clay County Arkansas
8.6,Cleburne County Arkansas
8.4,Cleveland County Arkansas
10,Columbia County Arkansas
9.7,Conway County Arkansas
7.4,Craighead County Arkansas
8.2,Crawford County Arkansas
10.5,Crittenden County Arkansas
8.3,Cross County Arkansas
12.3,Dallas County Arkansas
11.1,Desha County Arkansas
10.9,Drew County Arkansas
7.2,Faulkner County Arkansas
7.7,Franklin County Arkansas
7.8,Fulton County Arkansas
8.5,Garland County Arkansas
7.1,Grant County Arkansas
9.7,Greene County Arkansas
9.3,Hempstead County Arkansas
8.6,Hot Spring County Arkansas
7.8,Howard County Arkansas
8.8,Independence County Arkansas
10.1,Izard County Arkansas
11.9,Jackson County Arkansas
10.4,Jefferson County Arkansas
8.2,Johnson County Arkansas
9.9,Lafayette County Arkansas
9.5,Lawrence County Arkansas
8.6,Lee County Arkansas
9.4,Lincoln County Arkansas
7.7,Little River County Arkansas
8.6,Logan County Arkansas
6.8,Lonoke County Arkansas
7.1,Madison County Arkansas
10.1,Marion County Arkansas
5.8,Miller County Arkansas
12.5,Mississippi County Arkansas
9.2,Monroe County Arkansas
8.8,Montgomery County Arkansas
10,Nevada County Arkansas
6.9,Newton County Arkansas
9.6,Ouachita County Arkansas
8.9,Perry County Arkansas
10.5,Phillips County Arkansas
9.1,Pike County Arkansas
9.3,Poinsett County Arkansas
7.5,Polk County Arkansas
7.8,Pope County Arkansas
9.2,Prairie County Arkansas
7.3,Pulaski County Arkansas
10.2,Randolph County Arkansas
10.6,St. Francis County Arkansas
6.7,Saline County Arkansas
7.1,Scott County Arkansas
9.2,Searcy County Arkansas
8,Sebastian County Arkansas
7,Sevier County Arkansas
9.8,Sharp County Arkansas
7.6,Stone County Arkansas
11.3,Union County Arkansas
11.2,Van Buren County Arkansas
6.5,Washington County Arkansas
8.2,White County Arkansas
10.4,Woodruff County Arkansas
8.1,Yell County Arkansas
10.9,Alameda County California
12.9,Alpine County California
14.1,Amador County California
13.9,Butte County California
14.4,Calaveras County California
20.8,Colusa County California
11,Contra Costa County California
13.2,Del Norte County California
12.2,El Dorado County California
16.7,Fresno County California
15.4,Glenn County California
10.6,Humboldt County California
28.8,Imperial County California
9.7,Inyo County California
15.7,Kern County California
16.1,Kings County California
15.1,Lake County California
14,Lassen County California
12.5,Los Angeles County California
16.6,Madera County California
7.9,Marin County California
12.9,Mariposa County California
11.6,Mendocino County California
18,Merced County California
15.2,Modoc County California
10.2,Mono County California
12.7,Monterey County California
10.3,Napa County California
11.7,Nevada County California
9.7,Orange County California
11.6,Placer County California
18.2,Plumas County California
13.8,Riverside County California
12.6,Sacramento County California
15.1,San Benito County California
13.5,San Bernardino County California
10.8,San Diego County California
8.9,San Francisco County/city California
16.5,San Joaquin County California
10.1,San Luis Obispo County California
8.4,San Mateo County California
9.7,Santa Barbara County California
10.4,Santa Clara County California
13.3,Santa Cruz County California
16.8,Shasta County California
15.3,Sierra County California
16.8,Siskiyou County California
12.6,Solano County California
10.8,Sonoma County California
16.9,Stanislaus County California
18.4,Sutter County California
15.4,Tehama County California
17,Trinity County California
17.2,Tulare County California
15.2,Tuolumne County California
10.8,Ventura County California
12.1,Yolo County California
17.8,Yuba County California
10,Adams County Colorado
9,Alamosa County Colorado
8.6,Arapahoe County Colorado
10.6,Archuleta County Colorado
4.9,Baca County Colorado
8.1,Bent County Colorado
7,Boulder County Colorado
7.4,Broomfield County/city Colorado
7.7,Chaffee County Colorado
4.1,Cheyenne County Colorado
8.1,Clear Creek County Colorado
9.6,Conejos County Colorado
10.6,Costilla County Colorado
9.1,Crowley County Colorado
6.6,Custer County Colorado
10.7,Delta County Colorado
9.1,Denver County/city Colorado
17.7,Dolores County Colorado
7,Douglas County Colorado
8.5,Eagle County Colorado
8.1,Elbert County Colorado
9.3,El Paso County Colorado
11.7,Fremont County Colorado
10.3,Garfield County Colorado
8,Gilpin County Colorado
8.8,Grand County Colorado
6.4,Gunnison County Colorado
5.7,Hinsdale County Colorado
14,Huerfano County Colorado
8.8,Jackson County Colorado
8.4,Jefferson County Colorado
6.4,Kiowa County Colorado
4.5,Kit Carson County Colorado
11,Lake County Colorado
7.1,La Plata County Colorado
7.6,Larimer County Colorado
10.6,Las Animas County Colorado
6,Lincoln County Colorado
6.3,Logan County Colorado
11,Mesa County Colorado
7,Mineral County Colorado
9.9,Moffat County Colorado
9.1,Montezuma County Colorado
11,Montrose County Colorado
7,Morgan County Colorado
9.2,Otero County Colorado
9.8,Ouray County Colorado
8.1,Park County Colorado
5.3,Phillips County Colorado
8.1,Pitkin County Colorado
7,Prowers County Colorado
10.4,Pueblo County Colorado
8.9,Rio Blanco County Colorado
10.6,Rio Grande County Colorado
9.3,Routt County Colorado
10.1,Saguache County Colorado
12.5,San Juan County Colorado
7.8,San Miguel County Colorado
7.4,Sedgwick County Colorado
6.7,Summit County Colorado
9.4,Teller County Colorado
5.9,Washington County Colorado
9.2,Weld County Colorado
5.6,Yuma County Colorado
8.4,Fairfield County Connecticut
9.5,Hartford County Connecticut
8.7,Litchfield County Connecticut
7.9,Middlesex County Connecticut
10,New Haven County Connecticut
8.9,New London County Connecticut
7.8,Tolland County Connecticut
10.3,Windham County Connecticut
8.9,Kent County Delaware
8.3,New Castle County Delaware
8.5,Sussex County Delaware
9.4,District of Colu District of Columbia
8,Alachua County Florida
11.3,Baker County Florida
10.5,Bay County Florida
9.9,Bradford County Florida
11.3,Brevard County Florida
10.2,Broward County Florida
10.1,Calhoun County Florida
12.7,Charlotte County Florida
13.7,Citrus County Florida
9.9,Clay County Florida
11.6,Collier County Florida
10.8,Columbia County Florida
12.2,DeSoto County Florida
12.9,Dixie County Florida
11.4,Duval County Florida
10.1,Escambia County Florida
12.4,Flagler County Florida
8,Franklin County Florida
11.8,Gadsden County Florida
10.8,Gilchrist County Florida
9.5,Glades County Florida
10.3,Gulf County Florida
11.4,Hamilton County Florida
11.5,Hardee County Florida
14,Hendry County Florida
13.5,Hernando County Florida
12.5,Highlands County Florida
10.7,Hillsborough County Florida
10.4,Holmes County Florida
13.9,Indian River County Florida
9.1,Jackson County Florida
9.9,Jefferson County Florida
7.3,Lafayette County Florida
11.8,Lake County Florida
12.5,Lee County Florida
7.9,Leon County Florida
11.9,Levy County Florida
8.8,Liberty County Florida
10,Madison County Florida
11.4,Manatee County Florida
13.6,Marion County Florida
10.8,Martin County Florida
11.1,Miami-Dade County Florida
7.8,Monroe County Florida
10.6,Nassau County Florida
8.4,Okaloosa County Florida
12.6,Okeechobee County Florida
10.8,Orange County Florida
12.5,Osceola County Florida
11,Palm Beach County Florida
11.9,Pasco County Florida
10.8,Pinellas County Florida
12.1,Polk County Florida
13.4,Putnam County Florida
8.7,St. Johns County Florida
13.8,St. Lucie County Florida
9.3,Santa Rosa County Florida
11.6,Sarasota County Florida
10.6,Seminole County Florida
13.3,Sumter County Florida
9.8,Suwannee County Florida
10.6,Taylor County Florida
8.5,Union County Florida
12.3,Volusia County Florida
8.4,Wakulla County Florida
9.4,Walton County Florida
10.6,Washington County Florida
11.8,Appling County Georgia
15.2,Atkinson County Georgia
10.6,Bacon County Georgia
12.1,Baker County Georgia
15.4,Baldwin County Georgia
9.7,Banks County Georgia
10.8,Barrow County Georgia
12.2,Bartow County Georgia
15.9,Ben Hill County Georgia
13,Berrien County Georgia
11.6,Bibb County Georgia
12.5,Bleckley County Georgia
12.7,Brantley County Georgia
9.6,Brooks County Georgia
9.6,Bryan County Georgia
10.1,Bulloch County Georgia
12.2,Burke County Georgia
11.5,Butts County Georgia
8.8,Calhoun County Georgia
9.9,Camden County Georgia
8.8,Candler County Georgia
11.7,Carroll County Georgia
8.6,Catoosa County Georgia
10.6,Charlton County Georgia
9.9,Chatham County Georgia
10.9,Chattahoochee County Georgia
11.7,Chattooga County Georgia
8.8,Cherokee County Georgia
9.3,Clarke County Georgia
11.6,Clay County Georgia
13.5,Clayton County Georgia
11.1,Clinch County Georgia
9.3,Cobb County Georgia
15.8,Coffee County Georgia
9.7,Colquitt County Georgia
7.3,Columbia County Georgia
11.7,Cook County Georgia
9.7,Coweta County Georgia
11.4,Crawford County Georgia
14.2,Crisp County Georgia
8.7,Dade County Georgia
10.9,Dawson County Georgia
12.4,Decatur County Georgia
10.8,DeKalb County Georgia
13,Dodge County Georgia
11.6,Dooly County Georgia
12.6,Dougherty County Georgia
11.2,Douglas County Georgia
11.7,Early County Georgia
8.2,Echols County Georgia
9.6,Effingham County Georgia
14.9,Elbert County Georgia
12.9,Emanuel County Georgia
9.1,Evans County Georgia
11.7,Fannin County Georgia
8.2,Fayette County Georgia
11.8,Floyd County Georgia
8,Forsyth County Georgia
12.7,Franklin County Georgia
10.5,Fulton County Georgia
11.3,Gilmer County Georgia
11,Glascock County Georgia
10,Glynn County Georgia
12.7,Gordon County Georgia
10.5,Grady County Georgia
13.2,Greene County Georgia
9.2,Gwinnett County Georgia
10.7,Habersham County Georgia
9.6,Hall County Georgia
22.9,Hancock County Georgia
12.3,Haralson County Georgia
7.7,Harris County Georgia
11.5,Hart County Georgia
12.1,Heard County Georgia
10.3,Henry County Georgia
8.5,Houston County Georgia
14.7,Irwin County Georgia
10.5,Jackson County Georgia
11.7,Jasper County Georgia
12.8,Jeff Davis County Georgia
14.1,Jefferson County Georgia
15.2,Jenkins County Georgia
10.8,Johnson County Georgia
9.7,Jones County Georgia
14.2,Lamar County Georgia
10.5,Lanier County Georgia
13.2,Laurens County Georgia
9,Lee County Georgia
9,Liberty County Georgia
11.5,Lincoln County Georgia
8.4,Long County Georgia
9.6,Lowndes County Georgia
10.4,Lumpkin County Georgia
13.2,McDuffie County Georgia
10.6,McIntosh County Georgia
13.2,Macon County Georgia
10.4,Madison County Georgia
10.7,Marion County Georgia
13.7,Meriwether County Georgia
10.4,Miller County Georgia
10.8,Mitchell County Georgia
10.2,Monroe County Georgia
12,Montgomery County Georgia
10.4,Morgan County Georgia
13.8,Murray County Georgia
10.1,Muscogee County Georgia
12.7,Newton County Georgia
7.1,Oconee County Georgia
9.6,Oglethorpe County Georgia
10,Paulding County Georgia
12.1,Peach County Georgia
11,Pickens County Georgia
10.4,Pierce County Georgia
10.7,Pike County Georgia
12,Polk County Georgia
9.2,Pulaski County Georgia
12.9,Putnam County Georgia
10,Quitman County Georgia
11.8,Rabun County Georgia
12.2,Randolph County Georgia
11,Richmond County Georgia
11.3,Rockdale County Georgia
12.1,Schley County Georgia
17,Screven County Georgia
12.5,Seminole County Georgia
14.9,Spalding County Georgia
12.3,Stephens County Georgia
10.3,Stewart County Georgia
13.3,Sumter County Georgia
10.1,Talbot County Georgia
18,Taliaferro County Georgia
9.1,Tattnall County Georgia
14.5,Taylor County Georgia
14.7,Telfair County Georgia
12.2,Terrell County Georgia
11.2,Thomas County Georgia
12,Tift County Georgia
12.3,Toombs County Georgia
12.9,Towns County Georgia
12.1,Treutlen County Georgia
11.5,Troup County Georgia
16.6,Turner County Georgia
15.5,Twiggs County Georgia
11,Union County Georgia
12.2,Upson County Georgia
10.3,Walker County Georgia
10.6,Walton County Georgia
11,Ware County Georgia
17.2,Warren County Georgia
14.5,Washington County Georgia
12,Wayne County Georgia
12.8,Webster County Georgia
15.1,Wheeler County Georgia
10.2,White County Georgia
11.9,Whitfield County Georgia
12.4,Wilcox County Georgia
13.2,Wilkes County Georgia
14,Wilkinson County Georgia
12.1,Worth County Georgia
9.9,Hawaii County Hawaii
6,Honolulu County/city Hawaii
8.8,Kauai County Hawaii
8.5,Maui County Hawaii
8.3,Ada County Idaho
18.5,Adams County Idaho
8,Bannock County Idaho
7.4,Bear Lake County Idaho
13.6,Benewah County Idaho
7.2,Bingham County Idaho
9.6,Blaine County Idaho
10.6,Boise County Idaho
12.9,Bonner County Idaho
7,Bonneville County Idaho
13.4,Boundary County Idaho
7.2,Butte County Idaho
12.8,Camas County Idaho
11.3,Canyon County Idaho
7.8,Caribou County Idaho
7.1,Cassia County Idaho
9.3,Clark County Idaho
14.6,Clearwater County Idaho
8.2,Custer County Idaho
8.6,Elmore County Idaho
5.3,Franklin County Idaho
8.7,Fremont County Idaho
11.4,Gem County Idaho
7.5,Gooding County Idaho
12.5,Idaho County Idaho
7.1,Jefferson County Idaho
8,Jerome County Idaho
10.9,Kootenai County Idaho
6.6,Latah County Idaho
10.2,Lemhi County Idaho
6.7,Lewis County Idaho
13.1,Lincoln County Idaho
5.4,Madison County Idaho
7.4,Minidoka County Idaho
6.7,Nez Perce County Idaho
6,Oneida County Idaho
4.2,Owyhee County Idaho
9.7,Payette County Idaho
9.2,Power County Idaho
15.9,Shoshone County Idaho
7.9,Teton County Idaho
8.5,Twin Falls County Idaho
15.7,Valley County Idaho
10.3,Washington County Idaho
7.7,Adams County Illinois
11.7,Alexander County Illinois
10,Bond County Illinois
13.8,Boone County Illinois
7,Brown County Illinois
10.8,Bureau County Illinois
10,Calhoun County Illinois
10.4,Carroll County Illinois
8.3,Cass County Illinois
8.2,Champaign County Illinois
10.1,Christian County Illinois
11.7,Clark County Illinois
11.3,Clay County Illinois
7.3,Clinton County Illinois
9.8,Coles County Illinois
10.9,Cook County Illinois
8.5,Crawford County Illinois
9.2,Cumberland County Illinois
10.5,DeKalb County Illinois
8.7,De Witt County Illinois
8.8,Douglas County Illinois
8.9,DuPage County Illinois
11.2,Edgar County Illinois
8.7,Edwards County Illinois
7.9,Effingham County Illinois
10.1,Fayette County Illinois
9.4,Ford County Illinois
12.3,Franklin County Illinois
11.7,Fulton County Illinois
9.6,Gallatin County Illinois
9.3,Greene County Illinois
13.3,Grundy County Illinois
9.4,Hamilton County Illinois
10.6,Hancock County Illinois
10.8,Hardin County Illinois
9.3,Henderson County Illinois
9.1,Henry County Illinois
10.1,Iroquois County Illinois
8.2,Jackson County Illinois
8.9,Jasper County Illinois
10.2,Jefferson County Illinois
9.2,Jersey County Illinois
8.9,Jo Daviess County Illinois
12.5,Johnson County Illinois
11,Kane County Illinois
12.3,Kankakee County Illinois
10.1,Kendall County Illinois
9.6,Knox County Illinois
9.8,Lake County Illinois
12,LaSalle County Illinois
10.7,Lawrence County Illinois
10,Lee County Illinois
10,Livingston County Illinois
8.7,Logan County Illinois
8.5,McDonough County Illinois
10.5,McHenry County Illinois
7.1,McLean County Illinois
11.2,Macon County Illinois
10.3,Macoupin County Illinois
9.8,Madison County Illinois
10.8,Marion County Illinois
10.3,Marshall County Illinois
12.2,Mason County Illinois
9.5,Massac County Illinois
7.5,Menard County Illinois
10,Mercer County Illinois
7.3,Monroe County Illinois
12.3,Montgomery County Illinois
8.4,Morgan County Illinois
8.5,Moultrie County Illinois
12.4,Ogle County Illinois
10.5,Peoria County Illinois
11,Perry County Illinois
7.8,Piatt County Illinois
9,Pike County Illinois
9.4,Pope County Illinois
12.4,Pulaski County Illinois
12,Putnam County Illinois
8.8,Randolph County Illinois
8.9,Richland County Illinois
9.5,Rock Island County Illinois
10.3,St. Clair County Illinois
10.2,Saline County Illinois
7.7,Sangamon County Illinois
8.2,Schuyler County Illinois
8.7,Scott County Illinois
9.7,Shelby County Illinois
9.7,Stark County Illinois
11.1,Stephenson County Illinois
9.9,Tazewell County Illinois
12,Union County Illinois
11.4,Vermilion County Illinois
9.8,Wabash County Illinois
7.8,Warren County Illinois
7.2,Washington County Illinois
8.9,Wayne County Illinois
8.5,White County Illinois
10.3,Whiteside County Illinois
11.1,Will County Illinois
9.7,Williamson County Illinois
14,Winnebago County Illinois
7.7,Woodford County Illinois
10.1,Adams County Indiana
10.7,Allen County Indiana
9.5,Bartholomew County Indiana
9.2,Benton County Indiana
14.4,Blackford County Indiana
7.6,Boone County Indiana
10.4,Brown County Indiana
9.9,Carroll County Indiana
10.8,Cass County Indiana
9.5,Clark County Indiana
11.1,Clay County Indiana
10.1,Clinton County Indiana
12.9,Crawford County Indiana
6.5,Daviess County Indiana
10.9,Dearborn County Indiana
11.6,Decatur County Indiana
11.9,DeKalb County Indiana
11.6,Delaware County Indiana
7.5,Dubois County Indiana
13.3,Elkhart County Indiana
14.6,Fayette County Indiana
8.9,Floyd County Indiana
11.8,Fountain County Indiana
11.5,Franklin County Indiana
11.4,Fulton County Indiana
8,Gibson County Indiana
11.6,Grant County Indiana
10.7,Greene County Indiana
6.7,Hamilton County Indiana
9.3,Hancock County Indiana
9.9,Harrison County Indiana
7.9,Hendricks County Indiana
13.9,Henry County Indiana
12.6,Howard County Indiana
11.9,Huntington County Indiana
10.5,Jackson County Indiana
10.4,Jasper County Indiana
10.7,Jay County Indiana
11.3,Jefferson County Indiana
12.9,Jennings County Indiana
8.8,Johnson County Indiana
8.2,Knox County Indiana
11,Kosciusko County Indiana
12,LaGrange County Indiana
10.8,Lake County Indiana
12,LaPorte County Indiana
12.7,Lawrence County Indiana
12.1,Madison County Indiana
10.5,Marion County Indiana
11.3,Marshall County Indiana
7.5,Martin County Indiana
12.5,Miami County Indiana
7.9,Monroe County Indiana
10.2,Montgomery County Indiana
10.4,Morgan County Indiana
11.3,Newton County Indiana
13.2,Noble County Indiana
11.1,Ohio County Indiana
12.8,Orange County Indiana
11.5,Owen County Indiana
10.9,Parke County Indiana
10.6,Perry County Indiana
9.5,Pike County Indiana
9.5,Porter County Indiana
7.8,Posey County Indiana
10,Pulaski County Indiana
11.6,Putnam County Indiana
11.8,Randolph County Indiana
11.2,Ripley County Indiana
11.1,Rush County Indiana
11.6,St. Joseph County Indiana
13.2,Scott County Indiana
11,Shelby County Indiana
8.8,Spencer County Indiana
13.3,Starke County Indiana
11.1,Steuben County Indiana
10.1,Sullivan County Indiana
9.3,Switzerland County Indiana
8.9,Tippecanoe County Indiana
10.3,Tipton County Indiana
10.3,Union County Indiana
8.9,Vanderburgh County Indiana
12.9,Vermillion County Indiana
11.2,Vigo County Indiana
11.4,Wabash County Indiana
10.5,Warren County Indiana
8,Warrick County Indiana
12.2,Washington County Indiana
12.8,Wayne County Indiana
9.8,Wells County Indiana
10.5,White County Indiana
11.5,Whitley County Indiana
5.5,Adair County Iowa
4.8,Adams County Iowa
7.8,Allamakee County Iowa
7.3,Appanoose County Iowa
5.6,Audubon County Iowa
6.2,Benton County Iowa
6.2,Black Hawk County Iowa
5.7,Boone County Iowa
4.9,Bremer County Iowa
6,Buchanan County Iowa
4.7,Buena Vista County Iowa
6,Butler County Iowa
6,Calhoun County Iowa
4.3,Carroll County Iowa
6.3,Cass County Iowa
5.4,Cedar County Iowa
6.8,Cerro Gordo County Iowa
4.5,Cherokee County Iowa
7.4,Chickasaw County Iowa
7.7,Clarke County Iowa
5.9,Clay County Iowa
7.1,Clayton County Iowa
7,Clinton County Iowa
4.7,Crawford County Iowa
4.6,Dallas County Iowa
7.1,Davis County Iowa
6.1,Decatur County Iowa
6.1,Delaware County Iowa
7.4,Des Moines County Iowa
6.8,Dickinson County Iowa
5.8,Dubuque County Iowa
7,Emmet County Iowa
7.1,Fayette County Iowa
7.2,Floyd County Iowa
6.2,Franklin County Iowa
5.9,Fremont County Iowa
5.9,Greene County Iowa
5.7,Grundy County Iowa
6.5,Guthrie County Iowa
7.3,Hamilton County Iowa
6.6,Hancock County Iowa
6.5,Hardin County Iowa
5.6,Harrison County Iowa
8.3,Henry County Iowa
6.3,Howard County Iowa
5.2,Humboldt County Iowa
5.1,Ida County Iowa
5.5,Iowa County Iowa
7.1,Jackson County Iowa
7.3,Jasper County Iowa
7.1,Jefferson County Iowa
4.2,Johnson County Iowa
6.4,Jones County Iowa
6.5,Keokuk County Iowa
5.1,Kossuth County Iowa
8.9,Lee County Iowa
6,Linn County Iowa
7.3,Louisa County Iowa
6.1,Lucas County Iowa
3.9,Lyon County Iowa
6.4,Madison County Iowa
6.7,Mahaska County Iowa
5.9,Marion County Iowa
6.8,Marshall County Iowa
5.2,Mills County Iowa
5.2,Mitchell County Iowa
7.2,Monona County Iowa
7.2,Monroe County Iowa
8.1,Montgomery County Iowa
8,Muscatine County Iowa
4.7,O'Brien County Iowa
4.9,Osceola County Iowa
6.8,Page County Iowa
6,Palo Alto County Iowa
4.5,Plymouth County Iowa
5.1,Pocahontas County Iowa
6,Polk County Iowa
5.8,Pottawattamie County Iowa
5.8,Poweshiek County Iowa
4.7,Ringgold County Iowa
4.7,Sac County Iowa
6.7,Scott County Iowa
4.5,Shelby County Iowa
3.9,Sioux County Iowa
4.2,Story County Iowa
6.4,Tama County Iowa
5.6,Taylor County Iowa
5.6,Union County Iowa
7.3,Van Buren County Iowa
7.9,Wapello County Iowa
5.6,Warren County Iowa
5.1,Washington County Iowa
6.2,Wayne County Iowa
6.9,Webster County Iowa
6.7,Winnebago County Iowa
5.5,Winneshiek County Iowa
6.6,Woodbury County Iowa
7.3,Worth County Iowa
7.2,Wright County Iowa
8.3,Allen County Kansas
7.7,Anderson County Kansas
9.9,Atchison County Kansas
4.5,Barber County Kansas
6,Barton County Kansas
9,Bourbon County Kansas
6.6,Brown County Kansas
7.8,Butler County Kansas
5.6,Chase County Kansas
9,Chautauqua County Kansas
9.1,Cherokee County Kansas
4.1,Cheyenne County Kansas
4.4,Clark County Kansas
5.5,Clay County Kansas
5.6,Cloud County Kansas
7.6,Coffey County Kansas
4.5,Comanche County Kansas
7.8,Cowley County Kansas
8.7,Crawford County Kansas
5,Decatur County Kansas
6.6,Dickinson County Kansas
8.8,Doniphan County Kansas
5.9,Douglas County Kansas
5.3,Edwards County Kansas
8.3,Elk County Kansas
3.9,Ellis County Kansas
4.7,Ellsworth County Kansas
4.6,Finney County Kansas
4.2,Ford County Kansas
9,Franklin County Kansas
9.2,Geary County Kansas
3.4,Gove County Kansas
4.8,Graham County Kansas
4.3,Grant County Kansas
3.2,Gray County Kansas
3.4,Greeley County Kansas
7.6,Greenwood County Kansas
3.1,Hamilton County Kansas
6.3,Harper County Kansas
7.2,Harvey County Kansas
3.6,Haskell County Kansas
3.7,Hodgeman County Kansas
6.2,Jackson County Kansas
7.5,Jefferson County Kansas
5.5,Jewell County Kansas
6.1,Johnson County Kansas
4.5,Kearny County Kansas
6.9,Kingman County Kansas
5.2,Kiowa County Kansas
9.5,Labette County Kansas
4.2,Lane County Kansas
7.6,Leavenworth County Kansas
6,Lincoln County Kansas
11.2,Linn County Kansas
3.5,Logan County Kansas
6.7,Lyon County Kansas
5.2,McPherson County Kansas
5.9,Marion County Kansas
5.1,Marshall County Kansas
4.2,Meade County Kansas
7.6,Miami County Kansas
4.8,Mitchell County Kansas
10.6,Montgomery County Kansas
6.8,Morris County Kansas
4.3,Morton County Kansas
4.3,Nemaha County Kansas
10.2,Neosho County Kansas
4,Ness County Kansas
3.8,Norton County Kansas
8.3,Osage County Kansas
4.9,Osborne County Kansas
6,Ottawa County Kansas
4.7,Pawnee County Kansas
5.1,Phillips County Kansas
5.2,Pottawatomie County Kansas
5.6,Pratt County Kansas
3.5,Rawlins County Kansas
6.4,Reno County Kansas
4.3,Republic County Kansas
5.4,Rice County Kansas
5,Riley County Kansas
6.3,Rooks County Kansas
5.4,Rush County Kansas
5.1,Russell County Kansas
6.2,Saline County Kansas
3.8,Scott County Kansas
8.8,Sedgwick County Kansas
4.9,Seward County Kansas
7,Shawnee County Kansas
3.4,Sheridan County Kansas
4.8,Sherman County Kansas
4.3,Smith County Kansas
5.1,Stafford County Kansas
4.1,Stanton County Kansas
4.2,Stevens County Kansas
8.9,Sumner County Kansas
4,Thomas County Kansas
4.7,Trego County Kansas
6.5,Wabaunsee County Kansas
5.9,Wallace County Kansas
4.8,Washington County Kansas
3.4,Wichita County Kansas
12,Wilson County Kansas
7.9,Woodson County Kansas
10.1,Wyandotte County Kansas
12.4,Adair County Kentucky
11.7,Allen County Kentucky
9.6,Anderson County Kentucky
10.3,Ballard County Kentucky
11.2,Barren County Kentucky
14.6,Bath County Kentucky
12.1,Bell County Kentucky
8.9,Boone County Kentucky
9.1,Bourbon County Kentucky
10.2,Boyd County Kentucky
11.2,Boyle County Kentucky
11.4,Bracken County Kentucky
13.5,Breathitt County Kentucky
12.9,Breckinridge County Kentucky
10.6,Bullitt County Kentucky
12,Butler County Kentucky
10.5,Caldwell County Kentucky
8.1,Calloway County Kentucky
9.1,Campbell County Kentucky
9.1,Carlisle County Kentucky
14.5,Carroll County Kentucky
14.1,Carter County Kentucky
11,Casey County Kentucky
11.7,Christian County Kentucky
10.8,Clark County Kentucky
14.5,Clay County Kentucky
11,Clinton County Kentucky
9.9,Crittenden County Kentucky
11.8,Cumberland County Kentucky
9.3,Daviess County Kentucky
13.3,Edmonson County Kentucky
15.8,Elliott County Kentucky
13.5,Estill County Kentucky
7.4,Fayette County Kentucky
11.5,Fleming County Kentucky
13.5,Floyd County Kentucky
8.7,Franklin County Kentucky
11.5,Fulton County Kentucky
12.3,Gallatin County Kentucky
11.1,Garrard County Kentucky
11.8,Grant County Kentucky
9.5,Graves County Kentucky
14.2,Grayson County Kentucky
11.8,Green County Kentucky
11.5,Greenup County Kentucky
10.3,Hancock County Kentucky
9.7,Hardin County Kentucky
11.9,Harlan County Kentucky
11.1,Harrison County Kentucky
10.4,Hart County Kentucky
10.3,Henderson County Kentucky
9.9,Henry County Kentucky
8.2,Hickman County Kentucky
9.7,Hopkins County Kentucky
14.1,Jackson County Kentucky
10,Jefferson County Kentucky
8.5,Jessamine County Kentucky
12.6,Johnson County Kentucky
9.8,Kenton County Kentucky
13.5,Knott County Kentucky
13.5,Knox County Kentucky
11.3,Larue County Kentucky
11.4,Laurel County Kentucky
13.6,Lawrence County Kentucky
12.6,Lee County Kentucky
12.9,Leslie County Kentucky
11.4,Letcher County Kentucky
13.8,Lewis County Kentucky
12.8,Lincoln County Kentucky
12,Livingston County Kentucky
9.9,Logan County Kentucky
11.6,Lyon County Kentucky
9.1,McCracken County Kentucky
14.5,McCreary County Kentucky
10.2,McLean County Kentucky
8.5,Madison County Kentucky
20.5,Magoffin County Kentucky
12.6,Marion County Kentucky
10.5,Marshall County Kentucky
10.3,Martin County Kentucky
11.3,Mason County Kentucky
11.8,Meade County Kentucky
15.5,Menifee County Kentucky
11.2,Mercer County Kentucky
13.3,Metcalfe County Kentucky
10.7,Monroe County Kentucky
12.2,Montgomery County Kentucky
13,Morgan County Kentucky
10.9,Muhlenberg County Kentucky
11.2,Nelson County Kentucky
10.1,Nicholas County Kentucky
11.2,Ohio County Kentucky
7.5,Oldham County Kentucky
8.4,Owen County Kentucky
13.3,Owsley County Kentucky
12.3,Pendleton County Kentucky
11.7,Perry County Kentucky
10.4,Pike County Kentucky
15.5,Powell County Kentucky
10.6,Pulaski County Kentucky
11.6,Robertson County Kentucky
11.2,Rockcastle County Kentucky
10.1,Rowan County Kentucky
12.8,Russell County Kentucky
8.7,Scott County Kentucky
8.9,Shelby County Kentucky
13,Simpson County Kentucky
9.9,Spencer County Kentucky
12.3,Taylor County Kentucky
10,Todd County Kentucky
14.1,Trigg County Kentucky
12.9,Trimble County Kentucky
9.7,Union County Kentucky
9.2,Warren County Kentucky
10.1,Washington County Kentucky
14.1,Wayne County Kentucky
9.5,Webster County Kentucky
12.6,Whitley County Kentucky
16.4,Wolfe County Kentucky
7.3,Woodford County Kentucky
7.3,Acadia Parish Louisiana
9.8,Allen Parish Louisiana
7.5,Ascension Parish Louisiana
11.6,Assumption Parish Louisiana
8.4,Avoyelles Parish Louisiana
7.9,Beauregard Parish Louisiana
10,Bienville Parish Louisiana
6.1,Bossier Parish Louisiana
8.1,Caddo Parish Louisiana
8,Calcasieu Parish Louisiana
10.8,Caldwell Parish Louisiana
6.3,Cameron Parish Louisiana
10.3,Catahoula Parish Louisiana
8.7,Claiborne Parish Louisiana
9.9,Concordia Parish Louisiana
8.8,De Soto Parish Louisiana
7.6,East Baton Rouge Parish Louisiana
17.7,East Carroll Parish Louisiana
8.3,East Feliciana Parish Louisiana
8.6,Evangeline Parish Louisiana
11.1,Franklin Parish Louisiana
8.5,Grant Parish Louisiana
8.6,Iberia Parish Louisiana
10,Iberville Parish Louisiana
7.3,Jackson Parish Louisiana
7.4,Jefferson Parish Louisiana
7.5,Jefferson Davis Parish Louisiana
6.2,Lafayette Parish Louisiana
6.1,Lafourche Parish Louisiana
6.5,LaSalle Parish Louisiana
8.7,Lincoln Parish Louisiana
7.5,Livingston Parish Louisiana
12,Madison Parish Louisiana
15.4,Morehouse Parish Louisiana
9,Natchitoches Parish Louisiana
8.7,Orleans Parish Louisiana
8.3,Ouachita Parish Louisiana
6.1,Plaquemines Parish Louisiana
8.7,Pointe Coupee Parish Louisiana
7.6,Rapides Parish Louisiana
8.5,Red River Parish Louisiana
11,Richland Parish Louisiana
7.3,Sabine Parish Louisiana
8.3,St. Bernard Parish Louisiana
7.4,St. Charles Parish Louisiana
13.1,St. Helena Parish Louisiana
11.7,St. James Parish Louisiana
10.6,St. John the Baptist Parish Louisiana
9.6,St. Landry Parish Louisiana
8,St. Martin Parish Louisiana
9.4,St. Mary Parish Louisiana
6.3,St. Tammany Parish Louisiana
9.7,Tangipahoa Parish Louisiana
13.8,Tensas Parish Louisiana
6.5,Terrebonne Parish Louisiana
10.4,Union Parish Louisiana
7.3,Vermilion Parish Louisiana
8.6,Vernon Parish Louisiana
9.6,Washington Parish Louisiana
10.4,Webster Parish Louisiana
7.9,West Baton Rouge Parish Louisiana
16.3,West Carroll Parish Louisiana
6.7,West Feliciana Parish Louisiana
9.3,Winn Parish Louisiana
8.6,Androscoggin County Maine
9.7,Aroostook County Maine
6.5,Cumberland County Maine
9.2,Franklin County Maine
8.8,Hancock County Maine
7.6,Kennebec County Maine
7.4,Knox County Maine
7.6,Lincoln County Maine
10.7,Oxford County Maine
8.5,Penobscot County Maine
10.7,Piscataquis County Maine
6.7,Sagadahoc County Maine
11.1,Somerset County Maine
8.5,Waldo County Maine
10.8,Washington County Maine
8,York County Maine
9.3,Allegany County Maryland
6.9,Anne Arundel County Maryland
8.3,Baltimore County Maryland
6.9,Calvert County Maryland
9.2,Caroline County Maryland
6.8,Carroll County Maryland
9.5,Cecil County Maryland
6.9,Charles County Maryland
11.4,Dorchester County Maryland
6.9,Frederick County Maryland
8.9,Garrett County Maryland
7.8,Harford County Maryland
5.6,Howard County Maryland
8.8,Kent County Maryland
5.6,Montgomery County Maryland
7.5,Prince George's County Maryland
7.3,Queen Anne's County Maryland
6.5,St. Mary's County Maryland
11.9,Somerset County Maryland
8,Talbot County Maryland
9.6,Washington County Maryland
9.7,Wicomico County Maryland
13.3,Worcester County Maryland
11.2,Baltimore city Maryland
9.9,Barnstable County Massachusetts
8.7,Berkshire County Massachusetts
10.6,Bristol County Massachusetts
9.8,Dukes County Massachusetts
8.7,Essex County Massachusetts
7.6,Franklin County Massachusetts
10.3,Hampden County Massachusetts
7,Hampshire County Massachusetts
6.9,Middlesex County Massachusetts
9.6,Nantucket County/town Massachusetts
7.4,Norfolk County Massachusetts
8.9,Plymouth County Massachusetts
7.6,Suffolk County Massachusetts
8.9,Worcester County Massachusetts
17.8,Alcona County Michigan
14.1,Alger County Michigan
11.3,Allegan County Michigan
13.1,Alpena County Michigan
16,Antrim County Michigan
16.5,Arenac County Michigan
19.4,Baraga County Michigan
10.4,Barry County Michigan
11.6,Bay County Michigan
13.5,Benzie County Michigan
12,Berrien County Michigan
12.6,Branch County Michigan
11.7,Calhoun County Michigan
11.4,Cass County Michigan
14,Charlevoix County Michigan
14,Cheboygan County Michigan
11.9,Chippewa County Michigan
15.5,Clare County Michigan
8.4,Clinton County Michigan
14.2,Crawford County Michigan
12.5,Delta County Michigan
11.5,Dickinson County Michigan
9.6,Eaton County Michigan
14.4,Emmet County Michigan
14,Genesee County Michigan
14.8,Gladwin County Michigan
13.1,Gogebic County Michigan
11.6,Grand Traverse County Michigan
11.8,Gratiot County Michigan
13.5,Hillsdale County Michigan
10.8,Houghton County Michigan
12.5,Huron County Michigan
10.3,Ingham County Michigan
11.9,Ionia County Michigan
15.8,Iosco County Michigan
12,Iron County Michigan
9.8,Isabella County Michigan
12.2,Jackson County Michigan
10,Kalamazoo County Michigan
15.6,Kalkaska County Michigan
10.1,Kent County Michigan
15.1,Keweenaw County Michigan
16.2,Lake County Michigan
16.3,Lapeer County Michigan
10.4,Leelanau County Michigan
13,Lenawee County Michigan
11.2,Livingston County Michigan
13.4,Luce County Michigan
14.6,Mackinac County Michigan
13.9,Macomb County Michigan
13.1,Manistee County Michigan
9.8,Marquette County Michigan
12.6,Mason County Michigan
12.6,Mecosta County Michigan
11.6,Menominee County Michigan
9.8,Midland County Michigan
12.7,Missaukee County Michigan
11.7,Monroe County Michigan
14.1,Montcalm County Michigan
20.2,Montmorency County Michigan
14.5,Muskegon County Michigan
12.7,Newaygo County Michigan
11.8,Oakland County Michigan
16.2,Oceana County Michigan
14.5,Ogemaw County Michigan
16.7,Ontonagon County Michigan
13.6,Osceola County Michigan
19.6,Oscoda County Michigan
14.2,Otsego County Michigan
10.3,Ottawa County Michigan
17.4,Presque Isle County Michigan
16.6,Roscommon County Michigan
12.2,Saginaw County Michigan
16.4,St. Clair County Michigan
12.5,St. Joseph County Michigan
15.4,Sanilac County Michigan
13.6,Schoolcraft County Michigan
12.9,Shiawassee County Michigan
14.7,Tuscola County Michigan
13.5,Van Buren County Michigan
8.1,Washtenaw County Michigan
15.5,Wayne County Michigan
14.4,Wexford County Michigan
10.4,Aitkin County Minnesota
8,Anoka County Minnesota
7.9,Becker County Minnesota
8.2,Beltrami County Minnesota
8.7,Benton County Minnesota
6.5,Big Stone County Minnesota
6.4,Blue Earth County Minnesota
6.9,Brown County Minnesota
8.4,Carlton County Minnesota
6.7,Carver County Minnesota
10.6,Cass County Minnesota
7.3,Chippewa County Minnesota
8.9,Chisago County Minnesota
5.5,Clay County Minnesota
13.1,Clearwater County Minnesota
7.2,Cook County Minnesota
6.5,Cottonwood County Minnesota
9.5,Crow Wing County Minnesota
7,Dakota County Minnesota
6.9,Dodge County Minnesota
6.8,Douglas County Minnesota
8,Faribault County Minnesota
7.5,Fillmore County Minnesota
7.7,Freeborn County Minnesota
7,Goodhue County Minnesota
7.9,Grant County Minnesota
7,Hennepin County Minnesota
7.7,Houston County Minnesota
9.9,Hubbard County Minnesota
9.6,Isanti County Minnesota
10.2,Itasca County Minnesota
5.8,Jackson County Minnesota
11.2,Kanabec County Minnesota
6.7,Kandiyohi County Minnesota
7.5,Kittson County Minnesota
8.7,Koochiching County Minnesota
6.7,Lac qui Parle County Minnesota
8.3,Lake County Minnesota
6.5,Lake of the Woods County Minnesota
8.9,Le Sueur County Minnesota
5.5,Lincoln County Minnesota
5.6,Lyon County Minnesota
9,McLeod County Minnesota
8.3,Mahnomen County Minnesota
9.3,Marshall County Minnesota
7.3,Martin County Minnesota
8.8,Meeker County Minnesota
11.1,Mille Lacs County Minnesota
9.5,Morrison County Minnesota
6.1,Mower County Minnesota
6.8,Murray County Minnesota
6.1,Nicollet County Minnesota
5.6,Nobles County Minnesota
6.9,Norman County Minnesota
5.9,Olmsted County Minnesota
7.2,Otter Tail County Minnesota
9,Pennington County Minnesota
9.8,Pine County Minnesota
6.6,Pipestone County Minnesota
6.6,Polk County Minnesota
7.1,Pope County Minnesota
7.5,Ramsey County Minnesota
9.6,Red Lake County Minnesota
6.7,Redwood County Minnesota
8.1,Renville County Minnesota
7.8,Rice County Minnesota
5.1,Rock County Minnesota
6.4,Roseau County Minnesota
8.1,St. Louis County Minnesota
6.9,Scott County Minnesota
8.4,Sherburne County Minnesota
7.9,Sibley County Minnesota
7.2,Stearns County Minnesota
7.8,Steele County Minnesota
5.6,Stevens County Minnesota
8.1,Swift County Minnesota
7.8,Todd County Minnesota
6.2,Traverse County Minnesota
7.1,Wabasha County Minnesota
10.2,Wadena County Minnesota
7.5,Waseca County Minnesota
6.7,Washington County Minnesota
7.3,Watonwan County Minnesota
5.5,Wilkin County Minnesota
6.9,Winona County Minnesota
8,Wright County Minnesota
6.3,Yellow Medicine County Minnesota
11.5,Adams County Mississippi
11.5,Alcorn County Mississippi
11.9,Amite County Mississippi
12.5,Attala County Mississippi
12.5,Benton County Mississippi
11.4,Bolivar County Mississippi
9.2,Calhoun County Mississippi
13.1,Carroll County Mississippi
12,Chickasaw County Mississippi
11.8,Choctaw County Mississippi
16.7,Claiborne County Mississippi
12.6,Clarke County Mississippi
16.4,Clay County Mississippi
13.7,Coahoma County Mississippi
11.4,Copiah County Mississippi
10.1,Covington County Mississippi
7.5,DeSoto County Mississippi
9.8,Forrest County Mississippi
11.4,Franklin County Mississippi
11.5,George County Mississippi
11.9,Greene County Mississippi
11.6,Grenada County Mississippi
9,Hancock County Mississippi
8.8,Harrison County Mississippi
9.8,Hinds County Mississippi
19.6,Holmes County Mississippi
17.2,Humphreys County Mississippi
16.2,Issaquena County Mississippi
11.3,Itawamba County Mississippi
9.5,Jackson County Mississippi
12.2,Jasper County Mississippi
18.8,Jefferson County Mississippi
14.1,Jefferson Davis County Mississippi
9.1,Jones County Mississippi
14.7,Kemper County Mississippi
9.3,Lafayette County Mississippi
7.2,Lamar County Mississippi
10.7,Lauderdale County Mississippi
11.9,Lawrence County Mississippi
9.7,Leake County Mississippi
10.4,Lee County Mississippi
15.3,Leflore County Mississippi
10.5,Lincoln County Mississippi
11.8,Lowndes County Mississippi
7.4,Madison County Mississippi
12.2,Marion County Mississippi
12.1,Marshall County Mississippi
13.1,Monroe County Mississippi
13.8,Montgomery County Mississippi
10.4,Neshoba County Mississippi
10.1,Newton County Mississippi
15.8,Noxubee County Mississippi
10.2,Oktibbeha County Mississippi
13.5,Panola County Mississippi
9.5,Pearl River County Mississippi
13.6,Perry County Mississippi
11.6,Pike County Mississippi
10.2,Pontotoc County Mississippi
11.8,Prentiss County Mississippi
14.9,Quitman County Mississippi
6.9,Rankin County Mississippi
8,Scott County Mississippi
14.5,Sharkey County Mississippi
9.4,Simpson County Mississippi
9.1,Smith County Mississippi
10.6,Stone County Mississippi
15.4,Sunflower County Mississippi
12.2,Tallahatchie County Mississippi
10.8,Tate County Mississippi
13.5,Tippah County Mississippi
12.7,Tishomingo County Mississippi
13.7,Tunica County Mississippi
10.9,Union County Mississippi
13,Walthall County Mississippi
10.5,Warren County Mississippi
15.8,Washington County Mississippi
12.1,Wayne County Mississippi
11.5,Webster County Mississippi
13.8,Wilkinson County Mississippi
17,Winston County Mississippi
13.6,Yalobusha County Mississippi
12.2,Yazoo County Mississippi
8.7,Adair County Missouri
8.3,Andrew County Missouri
8.6,Atchison County Missouri
9.6,Audrain County Missouri
9.7,Barry County Missouri
10.3,Barton County Missouri
11,Bates County Missouri
12.1,Benton County Missouri
10.1,Bollinger County Missouri
6.5,Boone County Missouri
9.2,Buchanan County Missouri
9.6,Butler County Missouri
9.6,Caldwell County Missouri
8.3,Callaway County Missouri
12,Camden County Missouri
7.3,Cape Girardeau County Missouri
11.5,Carroll County Missouri
11.5,Carter County Missouri
9.6,Cass County Missouri
9.5,Cedar County Missouri
9.5,Chariton County Missouri
8.4,Christian County Missouri
12.4,Clark County Missouri
8.4,Clay County Missouri
9.7,Clinton County Missouri
6.9,Cole County Missouri
9.8,Cooper County Missouri
12.7,Crawford County Missouri
9.7,Dade County Missouri
12.6,Dallas County Missouri
9.8,Daviess County Missouri
8.8,DeKalb County Missouri
10.4,Dent County Missouri
12.1,Douglas County Missouri
13.5,Dunklin County Missouri
11.3,Franklin County Missouri
10.4,Gasconade County Missouri
7.9,Gentry County Missouri
8.3,Greene County Missouri
8,Grundy County Missouri
9.5,Harrison County Missouri
10.8,Henry County Missouri
12.6,Hickory County Missouri
7.9,Holt County Missouri
8.7,Howard County Missouri
10.8,Howell County Missouri
16.7,Iron County Missouri
10.7,Jackson County Missouri
8.5,Jasper County Missouri
10.4,Jefferson County Missouri
9.9,Johnson County Missouri
7.8,Knox County Missouri
12.4,Laclede County Missouri
9.8,Lafayette County Missouri
9.3,Lawrence County Missouri
8.5,Lewis County Missouri
11.8,Lincoln County Missouri
12.6,Linn County Missouri
8.2,Livingston County Missouri
9.2,McDonald County Missouri
9.3,Macon County Missouri
12.2,Madison County Missouri
9.5,Maries County Missouri
9.1,Marion County Missouri
8.4,Mercer County Missouri
12.9,Miller County Missouri
9.7,Mississippi County Missouri
8.4,Moniteau County Missouri
12.3,Monroe County Missouri
11.1,Montgomery County Missouri
14.5,Morgan County Missouri
10,New Madrid County Missouri
9,Newton County Missouri
7.2,Nodaway County Missouri
11.1,Oregon County Missouri
6.9,Osage County Missouri
11.7,Ozark County Missouri
12.5,Pemiscot County Missouri
7.2,Perry County Missouri
9.3,Pettis County Missouri
9,Phelps County Missouri
9.8,Pike County Missouri
7.7,Platte County Missouri
10.3,Polk County Missouri
8.8,Pulaski County Missouri
8,Putnam County Missouri
8.8,Ralls County Missouri
11.5,Randolph County Missouri
10.3,Ray County Missouri
15.1,Reynolds County Missouri
12.9,Ripley County Missouri
8.2,St. Charles County Missouri
11.2,St. Clair County Missouri
10.3,Ste. Genevieve County Missouri
12.3,St. Francois County Missouri
8.9,St. Louis County Missouri
8.9,Saline County Missouri
10.4,Schuyler County Missouri
8.1,Scotland County Missouri
9.7,Scott County Missouri
14.8,Shannon County Missouri
8.6,Shelby County Missouri
10.4,Stoddard County Missouri
13.8,Stone County Missouri
8.8,Sullivan County Missouri
13.9,Taney County Missouri
11,Texas County Missouri
8.3,Vernon County Missouri
11,Warren County Missouri
14.3,Washington County Missouri
10.8,Wayne County Missouri
10.5,Webster County Missouri
6.8,Worth County Missouri
11.9,Wright County Missouri
11.5,St. Louis city Missouri
5.9,Beaverhead County Montana
11,Big Horn County Montana
6.7,Blaine County Montana
7.4,Broadwater County Montana
6.4,Carbon County Montana
3.9,Carter County Montana
6.4,Cascade County Montana
4.4,Chouteau County Montana
4.5,Custer County Montana
3.5,Daniels County Montana
4.2,Dawson County Montana
6.1,Deer Lodge County Montana
3.1,Fallon County Montana
6.4,Fergus County Montana
12,Flathead County Montana
6.8,Gallatin County Montana
3.5,Garfield County Montana
9.8,Glacier County Montana
6.7,Golden Valley County Montana
9.3,Granite County Montana
5.8,Hill County Montana
6.3,Jefferson County Montana
6.4,Judith Basin County Montana
9,Lake County Montana
5.5,Lewis and Clark County Montana
4.4,Liberty County Montana
15,Lincoln County Montana
2.9,McCone County Montana
7.6,Madison County Montana
8,Meagher County Montana
12.5,Mineral County Montana
7.3,Missoula County Montana
6.9,Musselshell County Montana
8.8,Park County Montana
5.4,Petroleum County Montana
6.8,Phillips County Montana
5.9,Pondera County Montana
3.7,Powder River County Montana
7.6,Powell County Montana
5.1,Prairie County Montana
9.4,Ravalli County Montana
3.8,Richland County Montana
6.9,Roosevelt County Montana
7,Rosebud County Montana
13.1,Sanders County Montana
3.7,Sheridan County Montana
6.5,Silver Bow County Montana
5.8,Stillwater County Montana
5.5,Sweet Grass County Montana
6,Teton County Montana
4.6,Toole County Montana
5.3,Treasure County Montana
4.9,Valley County Montana
7.9,Wheatland County Montana
4.2,Wibaux County Montana
5.9,Yellowstone County Montana
4.7,Adams County Nebraska
3.6,Antelope County Nebraska
8,Arthur County Nebraska
4.4,Banner County Nebraska
5,Blaine County Nebraska
3.5,Boone County Nebraska
5,Box Butte County Nebraska
3.9,Boyd County Nebraska
4.7,Brown County Nebraska
3.6,Buffalo County Nebraska
5.9,Burt County Nebraska
3.9,Butler County Nebraska
5.6,Cass County Nebraska
3.6,Cedar County Nebraska
2.8,Chase County Nebraska
3,Cherry County Nebraska
3.6,Cheyenne County Nebraska
4.3,Clay County Nebraska
3.9,Colfax County Nebraska
3.7,Cuming County Nebraska
3.7,Custer County Nebraska
7.3,Dakota County Nebraska
4,Dawes County Nebraska
4.9,Dawson County Nebraska
3.9,Deuel County Nebraska
4.8,Dixon County Nebraska
5.3,Dodge County Nebraska
5.1,Douglas County Nebraska
3.1,Dundy County Nebraska
3.7,Fillmore County Nebraska
4.3,Franklin County Nebraska
3.8,Frontier County Nebraska
3.4,Furnas County Nebraska
5.8,Gage County Nebraska
4.1,Garden County Nebraska
3.1,Garfield County Nebraska
3.6,Gosper County Nebraska
3.8,Grant County Nebraska
3.6,Greeley County Nebraska
4.6,Hall County Nebraska
3.8,Hamilton County Nebraska
3.2,Harlan County Nebraska
3.4,Hayes County Nebraska
5.1,Hitchcock County Nebraska
3.6,Holt County Nebraska
5.1,Hooker County Nebraska
4.4,Howard County Nebraska
4.7,Jefferson County Nebraska
4.7,Johnson County Nebraska
3.5,Kearney County Nebraska
4.3,Keith County Nebraska
3.5,Keya Paha County Nebraska
4.7,Kimball County Nebraska
4.1,Knox County Nebraska
4.2,Lancaster County Nebraska
4.5,Lincoln County Nebraska
4.5,Logan County Nebraska
5.7,Loup County Nebraska
2.8,McPherson County Nebraska
4.2,Madison County Nebraska
4.5,Merrick County Nebraska
4.1,Morrill County Nebraska
3.9,Nance County Nebraska
5.3,Nemaha County Nebraska
4.1,Nuckolls County Nebraska
5,Otoe County Nebraska
4,Pawnee County Nebraska
3.3,Perkins County Nebraska
3.6,Phelps County Nebraska
3.7,Pierce County Nebraska
4.2,Platte County Nebraska
4,Polk County Nebraska
3.7,Red Willow County Nebraska
6.2,Richardson County Nebraska
2.8,Rock County Nebraska
4.7,Saline County Nebraska
4.4,Sarpy County Nebraska
4.8,Saunders County Nebraska
5.5,Scotts Bluff County Nebraska
4,Seward County Nebraska
3.5,Sheridan County Nebraska
4,Sherman County Nebraska
3.7,Sioux County Nebraska
4.1,Stanton County Nebraska
3.8,Thayer County Nebraska
4.8,Thomas County Nebraska
9.6,Thurston County Nebraska
4.4,Valley County Nebraska
4.6,Washington County Nebraska
3.8,Wayne County Nebraska
4.8,Webster County Nebraska
3.9,Wheeler County Nebraska
4.6,York County Nebraska
12.4,Churchill County Nevada
13.8,Clark County Nevada
13.8,Douglas County Nevada
7.7,Elko County Nevada
9.2,Esmeralda County Nevada
7.8,Eureka County Nevada
8.7,Humboldt County Nevada
9.5,Lander County Nevada
10.6,Lincoln County Nevada
17.5,Lyon County Nevada
14.4,Mineral County Nevada
17.3,Nye County Nevada
10.6,Pershing County Nevada
16.7,Storey County Nevada
12.9,Washoe County Nevada
9.2,White Pine County Nevada
13.5,Carson City Nevada
6.4,Belknap County New Hampshire
5.7,Carroll County New Hampshire
5.5,Cheshire County New Hampshire
7.4,Coos County New Hampshire
4.8,Grafton County New Hampshire
6.2,Hillsborough County New Hampshire
5.3,Merrimack County New Hampshire
6,Rockingham County New Hampshire
5.7,Strafford County New Hampshire
5.2,Sullivan County New Hampshire
12.3,Atlantic County New Jersey
8,Bergen County New Jersey
9,Burlington County New Jersey
10.9,Camden County New Jersey
14,Cape May County New Jersey
13,Cumberland County New Jersey
10.8,Essex County New Jersey
10.3,Gloucester County New Jersey
9.6,Hudson County New Jersey
7.4,Hunterdon County New Jersey
8.4,Mercer County New Jersey
8.9,Middlesex County New Jersey
8.7,Monmouth County New Jersey
7.4,Morris County New Jersey
10.3,Ocean County New Jersey
11.4,Passaic County New Jersey
11.7,Salem County New Jersey
7.6,Somerset County New Jersey
9.4,Sussex County New Jersey
9.5,Union County New Jersey
9.8,Warren County New Jersey
7.7,Bernalillo County New Mexico
12,Catron County New Mexico
7.5,Chaves County New Mexico
9.6,Cibola County New Mexico
8.4,Colfax County New Mexico
5.4,Curry County New Mexico
6,De Baca County New Mexico
7.8,Dona Ana County New Mexico
6.4,Eddy County New Mexico
9.7,Grant County New Mexico
10.1,Guadalupe County New Mexico
6.1,Harding County New Mexico
8.5,Hidalgo County New Mexico
7.9,Lea County New Mexico
7.5,Lincoln County New Mexico
3.7,Los Alamos County New Mexico
20.1,Luna County New Mexico
9.9,McKinley County New Mexico
12.3,Mora County New Mexico
7.3,Otero County New Mexico
9.4,Quay County New Mexico
9.1,Rio Arriba County New Mexico
6.3,Roosevelt County New Mexico
8.4,Sandoval County New Mexico
9.4,San Juan County New Mexico
9.6,San Miguel County New Mexico
6.8,Santa Fe County New Mexico
9.2,Sierra County New Mexico
7.8,Socorro County New Mexico
10.7,Taos County New Mexico
11.6,Torrance County New Mexico
6.3,Union County New Mexico
9.6,Valencia County New Mexico
7,Albany County New York
9.2,Allegany County New York
12,Bronx County New York
8.7,Broome County New York
9.5,Cattaraugus County New York
8.5,Cayuga County New York
8.9,Chautauqua County New York
8.4,Chemung County New York
9.2,Chenango County New York
9.8,Clinton County New York
7.3,Columbia County New York
8.9,Cortland County New York
8.8,Delaware County New York
7.7,Dutchess County New York
8.3,Erie County New York
9.2,Essex County New York
9,Franklin County New York
10.6,Fulton County New York
8,Genesee County New York
9.1,Greene County New York
9.8,Hamilton County New York
8.6,Herkimer County New York
9.3,Jefferson County New York
9.9,Kings County New York
9.1,Lewis County New York
8.1,Livingston County New York
8.3,Madison County New York
8,Monroe County New York
10.1,Montgomery County New York
7.1,Nassau County New York
8.6,New York County New York
9.6,Niagara County New York
7.6,Oneida County New York
8,Onondaga County New York
7.4,Ontario County New York
8,Orange County New York
9.6,Orleans County New York
10.6,Oswego County New York
7.6,Otsego County New York
7.2,Putnam County New York
8.6,Queens County New York
7.8,Rensselaer County New York
9.4,Richmond County New York
7.5,Rockland County New York
10.3,St. Lawrence County New York
6.9,Saratoga County New York
7.6,Schenectady County New York
8.9,Schoharie County New York
9.1,Schuyler County New York
8.2,Seneca County New York
9.6,Steuben County New York
7.7,Suffolk County New York
8.9,Sullivan County New York
8,Tioga County New York
6.2,Tompkins County New York
7.8,Ulster County New York
9,Warren County New York
8.2,Washington County New York
8.9,Wayne County New York
7.4,Westchester County New York
9.5,Wyoming County New York
7.4,Yates County New York
10.9,Alamance County North Carolina
13.1,Alexander County North Carolina
12,Alleghany County North Carolina
14.1,Anson County North Carolina
11.8,Ashe County North Carolina
10.8,Avery County North Carolina
11.7,Beaufort County North Carolina
11.8,Bertie County North Carolina
13.3,Bladen County North Carolina
12.5,Brunswick County North Carolina
8.6,Buncombe County North Carolina
12.9,Burke County North Carolina
11.5,Cabarrus County North Carolina
14.8,Caldwell County North Carolina
8.4,Camden County North Carolina
9.6,Carteret County North Carolina
13.2,Caswell County North Carolina
13.1,Catawba County North Carolina
8.6,Chatham County North Carolina
12.9,Cherokee County North Carolina
12,Chowan County North Carolina
12.5,Clay County North Carolina
14.8,Cleveland County North Carolina
13.4,Columbus County North Carolina
10.7,Craven County North Carolina
10.1,Cumberland County North Carolina
8.9,Currituck County North Carolina
12.1,Dare County North Carolina
12.3,Davidson County North Carolina
11.7,Davie County North Carolina
9.3,Duplin County North Carolina
8.2,Durham County North Carolina
15.7,Edgecombe County North Carolina
10.1,Forsyth County North Carolina
10.9,Franklin County North Carolina
13.5,Gaston County North Carolina
8,Gates County North Carolina
17.6,Graham County North Carolina
9.7,Granville County North Carolina
10.1,Greene County North Carolina
11.1,Guilford County North Carolina
14.7,Halifax County North Carolina
11.3,Harnett County North Carolina
10.3,Haywood County North Carolina
9.1,Henderson County North Carolina
10.6,Hertford County North Carolina
10.1,Hoke County North Carolina
11.1,Hyde County North Carolina
12.9,Iredell County North Carolina
10.9,Jackson County North Carolina
9.9,Johnston County North Carolina
11.2,Jones County North Carolina
12.8,Lee County North Carolina
11.9,Lenoir County North Carolina
12.7,Lincoln County North Carolina
13.3,McDowell County North Carolina
11.5,Macon County North Carolina
10.4,Madison County North Carolina
12.7,Martin County North Carolina
10.7,Mecklenburg County North Carolina
12.4,Mitchell County North Carolina
12.3,Montgomery County North Carolina
10.1,Moore County North Carolina
12.6,Nash County North Carolina
9.7,New Hanover County North Carolina
11.6,Northampton County North Carolina
8.3,Onslow County North Carolina
6.6,Orange County North Carolina
10.2,Pamlico County North Carolina
10,Pasquotank County North Carolina
11.4,Pender County North Carolina
10.6,Perquimans County North Carolina
12.4,Person County North Carolina
10.2,Pitt County North Carolina
10.2,Polk County North Carolina
12,Randolph County North Carolina
14.9,Richmond County North Carolina
13.7,Robeson County North Carolina
13.2,Rockingham County North Carolina
14.1,Rowan County North Carolina
16.7,Rutherford County North Carolina
9.7,Sampson County North Carolina
17.6,Scotland County North Carolina
13.2,Stanly County North Carolina
11.4,Stokes County North Carolina
12,Surry County North Carolina
14.7,Swain County North Carolina
9.8,Transylvania County North Carolina
14.8,Tyrrell County North Carolina
10,Union County North Carolina
14.1,Vance County North Carolina
8.3,Wake County North Carolina
13.7,Warren County North Carolina
14.3,Washington County North Carolina
7.8,Watauga County North Carolina
9.2,Wayne County North Carolina
13.4,Wilkes County North Carolina
13.9,Wilson County North Carolina
11,Yadkin County North Carolina
11.9,Yancey County North Carolina
2.9,Adams County North Dakota
4.5,Barnes County North Dakota
5.4,Benson County North Dakota
3.3,Billings County North Dakota
4,Bottineau County North Dakota
2.6,Bowman County North Dakota
2.7,Burke County North Dakota
3.6,Burleigh County North Dakota
3.5,Cass County North Dakota
3.1,Cavalier County North Dakota
3.2,Dickey County North Dakota
2.1,Divide County North Dakota
3.2,Dunn County North Dakota
4.8,Eddy County North Dakota
6.9,Emmons County North Dakota
3.4,Foster County North Dakota
2.6,Golden Valley County North Dakota
3.5,Grand Forks County North Dakota
3.7,Grant County North Dakota
3,Griggs County North Dakota
3,Hettinger County North Dakota
5.3,Kidder County North Dakota
3.5,LaMoure County North Dakota
3.6,Logan County North Dakota
4.8,McHenry County North Dakota
4.4,McIntosh County North Dakota
2.2,McKenzie County North Dakota
5,McLean County North Dakota
5.2,Mercer County North Dakota
4.6,Morton County North Dakota
2.6,Mountrail County North Dakota
4,Nelson County North Dakota
5.7,Oliver County North Dakota
6.4,Pembina County North Dakota
5.3,Pierce County North Dakota
3.8,Ramsey County North Dakota
4.6,Ransom County North Dakota
2.8,Renville County North Dakota
3.8,Richland County North Dakota
10.9,Rolette County North Dakota
4.3,Sargent County North Dakota
3.9,Sheridan County North Dakota
5.1,Sioux County North Dakota
2.3,Slope County North Dakota
2.8,Stark County North Dakota
2.7,Steele County North Dakota
4.1,Stutsman County North Dakota
2.7,Towner County North Dakota
3.7,Traill County North Dakota
5.1,Walsh County North Dakota
3.5,Ward County North Dakota
4,Wells County North Dakota
2.2,Williams County North Dakota
15.9,Adams County Ohio
10.7,Allen County Ohio
11.9,Ashland County Ohio
12.9,Ashtabula County Ohio
10.6,Athens County Ohio
10,Auglaize County Ohio
11.3,Belmont County Ohio
13.3,Brown County Ohio
10,Butler County Ohio
13,Carroll County Ohio
11.5,Champaign County Ohio
11,Clark County Ohio
10.4,Clermont County Ohio
17,Clinton County Ohio
12.6,Columbiana County Ohio
12.7,Coshocton County Ohio
12.9,Crawford County Ohio
8.5,Cuyahoga County Ohio
11.2,Darke County Ohio
12.2,Defiance County Ohio
7.2,Delaware County Ohio
11.3,Erie County Ohio
9.2,Fairfield County Ohio
13.1,Fayette County Ohio
8.9,Franklin County Ohio
11.8,Fulton County Ohio
11.8,Gallia County Ohio
6.9,Geauga County Ohio
9.5,Greene County Ohio
12.7,Guernsey County Ohio
9.9,Hamilton County Ohio
9.1,Hancock County Ohio
11.2,Hardin County Ohio
12.5,Harrison County Ohio
13.1,Henry County Ohio
17.3,Highland County Ohio
11.7,Hocking County Ohio
7.6,Holmes County Ohio
13.2,Huron County Ohio
12.5,Jackson County Ohio
14.5,Jefferson County Ohio
9.7,Knox County Ohio
7.9,Lake County Ohio
10.3,Lawrence County Ohio
9.6,Licking County Ohio
11.8,Logan County Ohio
9.1,Lorain County Ohio
11.5,Lucas County Ohio
9,Madison County Ohio
11.7,Mahoning County Ohio
11,Marion County Ohio
7.4,Medina County Ohio
14.6,Meigs County Ohio
8.5,Mercer County Ohio
11.1,Miami County Ohio
12.2,Monroe County Ohio
11.4,Montgomery County Ohio
13.3,Morgan County Ohio
11.4,Morrow County Ohio
12.6,Muskingum County Ohio
16,Noble County Ohio
12.3,Ottawa County Ohio
12.6,Paulding County Ohio
13.4,Perry County Ohio
10.6,Pickaway County Ohio
14.8,Pike County Ohio
10.3,Portage County Ohio
11,Preble County Ohio
9.3,Putnam County Ohio
12.1,Richland County Ohio
11.9,Ross County Ohio
10.8,Sandusky County Ohio
13.3,Scioto County Ohio
11.9,Seneca County Ohio
12.4,Shelby County Ohio
11.3,Stark County Ohio
10.6,Summit County Ohio
13.2,Trumbull County Ohio
11.2,Tuscarawas County Ohio
8.4,Union County Ohio
12.1,Van Wert County Ohio
13.5,Vinton County Ohio
9,Warren County Ohio
11.4,Washington County Ohio
9.3,Wayne County Ohio
13.2,Williams County Ohio
9.9,Wood County Ohio
11.1,Wyandot County Ohio
10.5,Adair County Oklahoma
4.9,Alfalfa County Oklahoma
10,Atoka County Oklahoma
4,Beaver County Oklahoma
5.8,Beckham County Oklahoma
6.4,Blaine County Oklahoma
6.2,Bryan County Oklahoma
6.9,Caddo County Oklahoma
5.2,Canadian County Oklahoma
7.1,Carter County Oklahoma
7.7,Cherokee County Oklahoma
9.1,Choctaw County Oklahoma
3.5,Cimarron County Oklahoma
5.3,Cleveland County Oklahoma
9.1,Coal County Oklahoma
5.8,Comanche County Oklahoma
6.7,Cotton County Oklahoma
6.7,Craig County Oklahoma
8.6,Creek County Oklahoma
5.2,Custer County Oklahoma
8,Delaware County Oklahoma
5.2,Dewey County Oklahoma
5.3,Ellis County Oklahoma
5.5,Garfield County Oklahoma
7.5,Garvin County Oklahoma
6.5,Grady County Oklahoma
4.5,Grant County Oklahoma
7.7,Greer County Oklahoma
5.9,Harmon County Oklahoma
4.5,Harper County Oklahoma
9.8,Haskell County Oklahoma
10.9,Hughes County Oklahoma
5.9,Jackson County Oklahoma
7.5,Jefferson County Oklahoma
10.4,Johnston County Oklahoma
9.2,Kay County Oklahoma
5.1,Kingfisher County Oklahoma
6,Kiowa County Oklahoma
10,Latimer County Oklahoma
9.4,Le Flore County Oklahoma
6.5,Lincoln County Oklahoma
5.7,Logan County Oklahoma
5.7,Love County Oklahoma
5.6,McClain County Oklahoma
11.4,McCurtain County Oklahoma
11,McIntosh County Oklahoma
5,Major County Oklahoma
7.2,Marshall County Oklahoma
8.8,Mayes County Oklahoma
6.2,Murray County Oklahoma
8.2,Muskogee County Oklahoma
6.8,Noble County Oklahoma
9.3,Nowata County Oklahoma
9.8,Okfuskee County Oklahoma
6.1,Oklahoma County Oklahoma
9.8,Okmulgee County Oklahoma
7.8,Osage County Oklahoma
8.1,Ottawa County Oklahoma
9.1,Pawnee County Oklahoma
5.7,Payne County Oklahoma
8.2,Pittsburg County Oklahoma
6.2,Pontotoc County Oklahoma
6.9,Pottawatomie County Oklahoma
9.8,Pushmataha County Oklahoma
4.6,Roger Mills County Oklahoma
6.9,Rogers County Oklahoma
9.6,Seminole County Oklahoma
9.6,Sequoyah County Oklahoma
7.8,Stephens County Oklahoma
4.9,Texas County Oklahoma
6.2,Tillman County Oklahoma
7,Tulsa County Oklahoma
6.8,Wagoner County Oklahoma
6.7,Washington County Oklahoma
6.1,Washita County Oklahoma
4.2,Woods County Oklahoma
6.9,Woodward County Oklahoma
10.3,Baker County Oregon
7.1,Benton County Oregon
10.1,Clackamas County Oregon
10,Clatsop County Oregon
12.9,Columbia County Oregon
12.7,Coos County Oregon
15.9,Crook County Oregon
12.6,Curry County Oregon
13.8,Deschutes County Oregon
14,Douglas County Oregon
9,Gilliam County Oregon
13.7,Grant County Oregon
14.2,Harney County Oregon
8.3,Hood River County Oregon
12.5,Jackson County Oregon
13.7,Jefferson County Oregon
14,Josephine County Oregon
12.9,Klamath County Oregon
13.5,Lake County Oregon
11,Lane County Oregon
11,Lincoln County Oregon
12.8,Linn County Oregon
9.7,Malheur County Oregon
11.2,Marion County Oregon
9.3,Morrow County Oregon
9.6,Multnomah County Oregon
9.7,Polk County Oregon
11.7,Sherman County Oregon
10.5,Tillamook County Oregon
10.3,Umatilla County Oregon
10.3,Union County Oregon
12.9,Wallowa County Oregon
9.6,Wasco County Oregon
9,Washington County Oregon
9.5,Wheeler County Oregon
10.4,Yamhill County Oregon
7.7,Adams County Pennsylvania
7.6,Allegheny County Pennsylvania
9.1,Armstrong County Pennsylvania
8.6,Beaver County Pennsylvania
10.1,Bedford County Pennsylvania
8.7,Berks County Pennsylvania
8,Blair County Pennsylvania
7.2,Bradford County Pennsylvania
7.6,Bucks County Pennsylvania
7.4,Butler County Pennsylvania
9.4,Cambria County Pennsylvania
12.6,Cameron County Pennsylvania
10.6,Carbon County Pennsylvania
5.9,Centre County Pennsylvania
6.2,Chester County Pennsylvania
10.2,Clarion County Pennsylvania
10.4,Clearfield County Pennsylvania
9.4,Clinton County Pennsylvania
9.3,Columbia County Pennsylvania
9.5,Crawford County Pennsylvania
6.8,Cumberland County Pennsylvania
8,Dauphin County Pennsylvania
8,Delaware County Pennsylvania
9.7,Elk County Pennsylvania
9.3,Erie County Pennsylvania
10.7,Fayette County Pennsylvania
11.3,Forest County Pennsylvania
8.5,Franklin County Pennsylvania
12.3,Fulton County Pennsylvania
8.4,Greene County Pennsylvania
10.7,Huntingdon County Pennsylvania
8.7,Indiana County Pennsylvania
10.1,Jefferson County Pennsylvania
8,Juniata County Pennsylvania
9,Lackawanna County Pennsylvania
7.5,Lancaster County Pennsylvania
9.2,Lawrence County Pennsylvania
7.5,Lebanon County Pennsylvania
9.2,Lehigh County Pennsylvania
10,Luzerne County Pennsylvania
8.9,Lycoming County Pennsylvania
10.1,McKean County Pennsylvania
9.5,Mercer County Pennsylvania
10.2,Mifflin County Pennsylvania
9.7,Monroe County Pennsylvania
6.9,Montgomery County Pennsylvania
6.7,Montour County Pennsylvania
8.8,Northampton County Pennsylvania
9.9,Northumberland County Pennsylvania
8.1,Perry County Pennsylvania
10.6,Philadelphia County/city Pennsylvania
9.7,Pike County Pennsylvania
10.4,Potter County Pennsylvania
10.6,Schuylkill County Pennsylvania
8.4,Snyder County Pennsylvania
9.6,Somerset County Pennsylvania
8,Sullivan County Pennsylvania
8.7,Susquehanna County Pennsylvania
8.3,Tioga County Pennsylvania
7.7,Union County Pennsylvania
8.5,Venango County Pennsylvania
8.3,Warren County Pennsylvania
8.1,Washington County Pennsylvania
8.1,Wayne County Pennsylvania
8.2,Westmoreland County Pennsylvania
8.8,Wyoming County Pennsylvania
8.4,York County Pennsylvania
9.7,Bristol County Rhode Island
11.1,Kent County Rhode Island
10,Newport County Rhode Island
11.8,Providence County Rhode Island
10.1,Washington County Rhode Island
13.6,Abbeville County South Carolina
9.3,Aiken County South Carolina
19.1,Allendale County South Carolina
11.6,Anderson County South Carolina
16.1,Bamberg County South Carolina
16.6,Barnwell County South Carolina
8.7,Beaufort County South Carolina
10,Berkeley County South Carolina
12.3,Calhoun County South Carolina
8.8,Charleston County South Carolina
15.7,Cherokee County South Carolina
19.3,Chester County South Carolina
14.4,Chesterfield County South Carolina
14,Clarendon County South Carolina
13.8,Colleton County South Carolina
13.2,Darlington County South Carolina
15.9,Dillon County South Carolina
9.5,Dorchester County South Carolina
9.9,Edgefield County South Carolina
14.6,Fairfield County South Carolina
11.3,Florence County South Carolina
14.5,Georgetown County South Carolina
9.6,Greenville County South Carolina
11.9,Greenwood County South Carolina
12.8,Hampton County South Carolina
12.3,Horry County South Carolina
9.8,Jasper County South Carolina
11.5,Kershaw County South Carolina
14.7,Lancaster County South Carolina
12.3,Laurens County South Carolina
16.2,Lee County South Carolina
8.2,Lexington County South Carolina
14,McCormick County South Carolina
18.3,Marion County South Carolina
21.2,Marlboro County South Carolina
10.8,Newberry County South Carolina
11.4,Oconee County South Carolina
15.9,Orangeburg County South Carolina
10.9,Pickens County South Carolina
9.4,Richland County South Carolina
10,Saluda County South Carolina
11.8,Spartanburg County South Carolina
12.5,Sumter County South Carolina
17.7,Union County South Carolina
17.2,Williamsburg County South Carolina
12.1,York County South Carolina
3.5,Aurora County South Dakota
4.2,Beadle County South Dakota
7.2,Bennett County South Dakota
4.2,Bon Homme County South Dakota
4.7,Brookings County South Dakota
3.9,Brown County South Dakota
3.7,Brule County South Dakota
11.3,Buffalo County South Dakota
5.1,Butte County South Dakota
4.3,Campbell County South Dakota
4.9,Charles Mix County South Dakota
5.2,Clark County South Dakota
4.2,Clay County South Dakota
5.2,Codington County South Dakota
6.9,Corson County South Dakota
5.8,Custer County South Dakota
4.4,Davison County South Dakota
6.7,Day County South Dakota
6.7,Deuel County South Dakota
14.9,Dewey County South Dakota
4.4,Douglas County South Dakota
3.1,Edmunds County South Dakota
6.2,Fall River County South Dakota
3.9,Faulk County South Dakota
4.7,Grant County South Dakota
4.4,Gregory County South Dakota
3.4,Haakon County South Dakota
5,Hamlin County South Dakota
3.3,Hand County South Dakota
5.3,Hanson County South Dakota
3.5,Harding County South Dakota
3.5,Hughes County South Dakota
4,Hutchinson County South Dakota
3.8,Hyde County South Dakota
6.8,Jackson County South Dakota
3.7,Jerauld County South Dakota
3,Jones County South Dakota
5.4,Kingsbury County South Dakota
5.7,Lake County South Dakota
4.7,Lawrence County South Dakota
3.9,Lincoln County South Dakota
6.5,Lyman County South Dakota
4.9,McCook County South Dakota
4.9,McPherson County South Dakota
5.4,Marshall County South Dakota
5.3,Meade County South Dakota
6.3,Mellette County South Dakota
5,Miner County South Dakota
5,Minnehaha County South Dakota
7,Moody County South Dakota
12.9,Oglala Lakota County South Dakota
5.2,Pennington County South Dakota
4.2,Perkins County South Dakota
4.9,Potter County South Dakota
5.8,Roberts County South Dakota
4.2,Sanborn County South Dakota
3.8,Spink County South Dakota
3.8,Stanley County South Dakota
3.6,Sully County South Dakota
7.7,Todd County South Dakota
3.6,Tripp County South Dakota
4.6,Turner County South Dakota
5.8,Union County South Dakota
6.9,Walworth County South Dakota
4.9,Yankton County South Dakota
5.8,Ziebach County South Dakota
9.3,Anderson County Tennessee
12.6,Bedford County Tennessee
12.3,Benton County Tennessee
13.2,Bledsoe County Tennessee
9.1,Blount County Tennessee
9.4,Bradley County Tennessee
12.5,Campbell County Tennessee
11.1,Cannon County Tennessee
14.6,Carroll County Tennessee
10.9,Carter County Tennessee
9,Cheatham County Tennessee
10,Chester County Tennessee
10.8,Claiborne County Tennessee
12.1,Clay County Tennessee
13.6,Cocke County Tennessee
10.8,Coffee County Tennessee
11.6,Crockett County Tennessee
10.7,Cumberland County Tennessee
8.2,Davidson County Tennessee
13.1,Decatur County Tennessee
11.7,DeKalb County Tennessee
10.2,Dickson County Tennessee
12.1,Dyer County Tennessee
9.9,Fayette County Tennessee
12.4,Fentress County Tennessee
10.1,Franklin County Tennessee
12,Gibson County Tennessee
12.1,Giles County Tennessee
12.7,Grainger County Tennessee
12.8,Greene County Tennessee
12.6,Grundy County Tennessee
11.6,Hamblen County Tennessee
8.3,Hamilton County Tennessee
15.8,Hancock County Tennessee
13.2,Hardeman County Tennessee
12,Hardin County Tennessee
10.9,Hawkins County Tennessee
15.6,Haywood County Tennessee
14.3,Henderson County Tennessee
11.4,Henry County Tennessee
11.1,Hickman County Tennessee
12,Houston County Tennessee
11.2,Humphreys County Tennessee
12.6,Jackson County Tennessee
11.5,Jefferson County Tennessee
12.8,Johnson County Tennessee
7.4,Knox County Tennessee
11.1,Lake County Tennessee
14.2,Lauderdale County Tennessee
12.3,Lawrence County Tennessee
15,Lewis County Tennessee
7.2,Lincoln County Tennessee
9.3,Loudon County Tennessee
12.5,McMinn County Tennessee
12.8,McNairy County Tennessee
11.2,Macon County Tennessee
10,Madison County Tennessee
11.1,Marion County Tennessee
14,Marshall County Tennessee
12.3,Maury County Tennessee
13.1,Meigs County Tennessee
12.7,Monroe County Tennessee
8.5,Montgomery County Tennessee
7.9,Moore County Tennessee
11.4,Morgan County Tennessee
9.6,Obion County Tennessee
10.7,Overton County Tennessee
13.5,Perry County Tennessee
11.1,Pickett County Tennessee
11.2,Polk County Tennessee
9.4,Putnam County Tennessee
12.3,Rhea County Tennessee
9.2,Roane County Tennessee
9.2,Robertson County Tennessee
8.9,Rutherford County Tennessee
17,Scott County Tennessee
12.1,Sequatchie County Tennessee
10.4,Sevier County Tennessee
9.8,Shelby County Tennessee
12.3,Smith County Tennessee
12.4,Stewart County Tennessee
9,Sullivan County Tennessee
8.9,Sumner County Tennessee
11.3,Tipton County Tennessee
10.8,Trousdale County Tennessee
11.9,Unicoi County Tennessee
10.8,Union County Tennessee
13.2,Van Buren County Tennessee
10.9,Warren County Tennessee
8.7,Washington County Tennessee
11.4,Wayne County Tennessee
11,Weakley County Tennessee
10.5,White County Tennessee
6.6,Williamson County Tennessee
8.4,Wilson County Tennessee
8.1,Anderson County Texas
6.2,Andrews County Texas
8.5,Angelina County Texas
9.2,Aransas County Texas
6.7,Archer County Texas
4.9,Armstrong County Texas
8.2,Atascosa County Texas
8,Austin County Texas
7.9,Bailey County Texas
7.8,Bandera County Texas
8.2,Bastrop County Texas
7,Baylor County Texas
8.9,Bee County Texas
7.7,Bell County Texas
7.3,Bexar County Texas
6,Blanco County Texas
6.4,Borden County Texas
8.8,Bosque County Texas
8.4,Bowie County Texas
8.5,Brazoria County Texas
6.3,Brazos County Texas
5.5,Brewster County Texas
6.1,Briscoe County Texas
12,Brooks County Texas
8.2,Brown County Texas
7.9,Burleson County Texas
6.8,Burnet County Texas
8.6,Caldwell County Texas
8.8,Calhoun County Texas
7.3,Callahan County Texas
11.2,Cameron County Texas
9.1,Camp County Texas
5.4,Carson County Texas
11.2,Cass County Texas
5.4,Castro County Texas
9.7,Chambers County Texas
8.8,Cherokee County Texas
5.6,Childress County Texas
7.5,Clay County Texas
8.1,Cochran County Texas
6.1,Coke County Texas
9.1,Coleman County Texas
7.2,Collin County Texas
5.6,Collingsworth County Texas
8.1,Colorado County Texas
7,Comal County Texas
7.6,Comanche County Texas
5.7,Concho County Texas
7.3,Cooke County Texas
7.5,Coryell County Texas
7,Cottle County Texas
7.6,Crane County Texas
8.5,Crockett County Texas
8,Crosby County Texas
7.1,Culberson County Texas
5.3,Dallam County Texas
8.6,Dallas County Texas
7.7,Dawson County Texas
5.8,Deaf Smith County Texas
7.9,Delta County Texas
7.1,Denton County Texas
7.8,DeWitt County Texas
11.3,Dickens County Texas
10.5,Dimmit County Texas
6.9,Donley County Texas
11.6,Duval County Texas
8.6,Eastland County Texas
8.3,Ector County Texas
7.1,Edwards County Texas
8,Ellis County Texas
9.2,El Paso County Texas
6.4,Erath County Texas
8.5,Falls County Texas
8.1,Fannin County Texas
6.1,Fayette County Texas
7,Fisher County Texas
7.9,Floyd County Texas
6.6,Foard County Texas
7.6,Fort Bend County Texas
8.6,Franklin County Texas
8.2,Freestone County Texas
7.3,Frio County Texas
5.9,Gaines County Texas
9.1,Galveston County Texas
5.9,Garza County Texas
5.5,Gillespie County Texas
4.8,Glasscock County Texas
7.4,Goliad County Texas
6.8,Gonzales County Texas
8.6,Gray County Texas
8.2,Grayson County Texas
7.9,Gregg County Texas
8.9,Grimes County Texas
6.7,Guadalupe County Texas
7.4,Hale County Texas
9.1,Hall County Texas
6.8,Hamilton County Texas
4.3,Hansford County Texas
8.3,Hardeman County Texas
9.9,Hardin County Texas
8.3,Harris County Texas
9.4,Harrison County Texas
4.2,Hartley County Texas
5.4,Haskell County Texas
7,Hays County Texas
3.9,Hemphill County Texas
8.8,Henderson County Texas
11.8,Hidalgo County Texas
8.4,Hill County Texas
7.1,Hockley County Texas
8.5,Hood County Texas
7.4,Hopkins County Texas
7.7,Houston County Texas
7.2,Howard County Texas
7.9,Hudspeth County Texas
8.9,Hunt County Texas
8.4,Hutchinson County Texas
5.3,Irion County Texas
7.8,Jack County Texas
7,Jackson County Texas
12.4,Jasper County Texas
4.9,Jeff Davis County Texas
11.3,Jefferson County Texas
10.3,Jim Hogg County Texas
10,Jim Wells County Texas
8.7,Johnson County Texas
8.8,Jones County Texas
9.1,Karnes County Texas
8.5,Kaufman County Texas
6.2,Kendall County Texas
6.8,Kenedy County Texas
4.8,Kent County Texas
6.7,Kerr County Texas
6,Kimble County Texas
4.3,King County Texas
11.2,Kinney County Texas
8.4,Kleberg County Texas
5.9,Knox County Texas
9.3,Lamar County Texas
7.6,Lamb County Texas
7.1,Lampasas County Texas
8.9,La Salle County Texas
6.9,Lavaca County Texas
7.2,Lee County Texas
8.9,Leon County Texas
11.7,Liberty County Texas
7.9,Limestone County Texas
5.9,Lipscomb County Texas
7.3,Live Oak County Texas
8.1,Llano County Texas
5.6,Loving County Texas
6.3,Lubbock County Texas
6.6,Lynn County Texas
7,McCulloch County Texas
7.4,McLennan County Texas
4.3,McMullen County Texas
8.4,Madison County Texas
11.8,Marion County Texas
6,Martin County Texas
6.3,Mason County Texas
11.5,Matagorda County Texas
15.2,Maverick County Texas
7.5,Medina County Texas
7.4,Menard County Texas
5.9,Midland County Texas
11.2,Milam County Texas
6.3,Mills County Texas
8.2,Mitchell County Texas
8,Montague County Texas
7.5,Montgomery County Texas
5.4,Moore County Texas
13.8,Morris County Texas
6.3,Motley County Texas
7.1,Nacogdoches County Texas
8.3,Navarro County Texas
12.7,Newton County Texas
7.5,Nolan County Texas
8.1,Nueces County Texas
5.9,Ochiltree County Texas
4.6,Oldham County Texas
11.7,Orange County Texas
8.6,Palo Pinto County Texas
9,Panola County Texas
7.6,Parker County Texas
4.4,Parmer County Texas
7.3,Pecos County Texas
9.7,Polk County Texas
6.3,Potter County Texas
18.5,Presidio County Texas
8.8,Rains County Texas
5.2,Randall County Texas
5.5,Reagan County Texas
9.1,Real County Texas
11.5,Red River County Texas
8.9,Reeves County Texas
8.7,Refugio County Texas
5.4,Roberts County Texas
9.2,Robertson County Texas
7.4,Rockwall County Texas
8.3,Runnels County Texas
7.8,Rusk County Texas
16.3,Sabine County Texas
13,San Augustine County Texas
10,San Jacinto County Texas
10.5,San Patricio County Texas
6.2,San Saba County Texas
7.6,Schleicher County Texas
6.8,Scurry County Texas
5.6,Shackelford County Texas
8.5,Shelby County Texas
4.6,Sherman County Texas
7.9,Smith County Texas
8,Somervell County Texas
17.3,Starr County Texas
7.5,Stephens County Texas
4.7,Sterling County Texas
5.8,Stonewall County Texas
9.6,Sutton County Texas
6.6,Swisher County Texas
8.1,Tarrant County Texas
6.8,Taylor County Texas
6.8,Terrell County Texas
7.4,Terry County Texas
6,Throckmorton County Texas
8.5,Titus County Texas
6.6,Tom Green County Texas
6.8,Travis County Texas
9.5,Trinity County Texas
11.8,Tyler County Texas
8.8,Upshur County Texas
6.1,Upton County Texas
8.9,Uvalde County Texas
9.3,Val Verde County Texas
8.4,Van Zandt County Texas
7.7,Victoria County Texas
7.7,Walker County Texas
8.6,Waller County Texas
8.5,Ward County Texas
7.2,Washington County Texas
8.2,Webb County Texas
8.7,Wharton County Texas
6.1,Wheeler County Texas
7.8,Wichita County Texas
7.9,Wilbarger County Texas
14.5,Willacy County Texas
7.2,Williamson County Texas
6.8,Wilson County Texas
9.2,Winkler County Texas
8.7,Wise County Texas
9.1,Wood County Texas
7,Yoakum County Texas
7.7,Young County Texas
10.4,Zapata County Texas
13.9,Zavala County Texas
9.9,Beaver County Utah
8.5,Box Elder County Utah
6.1,Cache County Utah
8.6,Carbon County Utah
7.3,Daggett County Utah
7,Davis County Utah
9.6,Duchesne County Utah
7.3,Emery County Utah
10.2,Garfield County Utah
10.5,Grand County Utah
9.6,Iron County Utah
9.1,Juab County Utah
7.9,Kane County Utah
6.2,Millard County Utah
6.9,Morgan County Utah
10.1,Piute County Utah
7.2,Rich County Utah
7.7,Salt Lake County Utah
10.9,San Juan County Utah
9,Sanpete County Utah
8.3,Sevier County Utah
7.4,Summit County Utah
8.3,Tooele County Utah
8.5,Uintah County Utah
7.4,Utah County Utah
8.4,Wasatch County Utah
10.5,Washington County Utah
8.6,Wayne County Utah
8.8,Weber County Utah
5.8,Addison County Vermont
6.9,Bennington County Vermont
6.8,Caledonia County Vermont
4.8,Chittenden County Vermont
10,Essex County Vermont
5.7,Franklin County Vermont
6.9,Grand Isle County Vermont
7.6,Lamoille County Vermont
5.9,Orange County Vermont
8.9,Orleans County Vermont
7.4,Rutland County Vermont
5.9,Washington County Vermont
6.1,Windham County Vermont
6.1,Windsor County Vermont
7.9,Accomack County Virginia
6,Albemarle County Virginia
8.6,Alleghany County Virginia
8.5,Amelia County Virginia
8.1,Amherst County Virginia
8.6,Appomattox County Virginia
4.1,Arlington County Virginia
7.1,Augusta County Virginia
7.5,Bath County Virginia
7,Bedford County Virginia
8.6,Bland County Virginia
6.4,Botetourt County Virginia
11.3,Brunswick County Virginia
10,Buchanan County Virginia
10.7,Buckingham County Virginia
7.7,Campbell County Virginia
9.6,Caroline County Virginia
11.5,Carroll County Virginia
9.6,Charles City County Virginia
10,Charlotte County Virginia
7.3,Chesterfield County Virginia
6.7,Clarke County Virginia
7.9,Craig County Virginia
7.2,Culpeper County Virginia
8.4,Cumberland County Virginia
10.5,Dickenson County Virginia
8.8,Dinwiddie County Virginia
9.1,Essex County Virginia
5.1,Fairfax County Virginia
6.2,Fauquier County Virginia
7,Floyd County Virginia
6.3,Fluvanna County Virginia
8.7,Franklin County Virginia
7.5,Frederick County Virginia
9.6,Giles County Virginia
6.8,Gloucester County Virginia
7.2,Goochland County Virginia
12.5,Grayson County Virginia
6.7,Greene County Virginia
9.6,Greensville County Virginia
12.2,Halifax County Virginia
6.6,Hanover County Virginia
7.3,Henrico County Virginia
14.7,Henry County Virginia
6.2,Highland County Virginia
7.1,Isle of Wight County Virginia
6.3,James City County Virginia
8.1,King and Queen County Virginia
7.4,King George County Virginia
7.5,King William County Virginia
9.8,Lancaster County Virginia
7.9,Lee County Virginia
5.1,Loudoun County Virginia
7.5,Louisa County Virginia
9.5,Lunenburg County Virginia
6.3,Madison County Virginia
6.3,Mathews County Virginia
11.3,Mecklenburg County Virginia
7.2,Middlesex County Virginia
7.1,Montgomery County Virginia
7.1,Nelson County Virginia
7.2,New Kent County Virginia
8.5,Northampton County Virginia
8.7,Northumberland County Virginia
7.6,Nottoway County Virginia
8.3,Orange County Virginia
11.6,Page County Virginia
12.7,Patrick County Virginia
10.9,Pittsylvania County Virginia
7.1,Powhatan County Virginia
9.7,Prince Edward County Virginia
8.1,Prince George County Virginia
6.1,Prince William County Virginia
11.1,Pulaski County Virginia
6.3,Rappahannock County Virginia
7.1,Richmond County Virginia
6.3,Roanoke County Virginia
7.5,Rockbridge County Virginia
6.7,Rockingham County Virginia
10.2,Russell County Virginia
8.5,Scott County Virginia
8.2,Shenandoah County Virginia
12.1,Smyth County Virginia
8.6,Southampton County Virginia
7,Spotsylvania County Virginia
6.5,Stafford County Virginia
9,Surry County Virginia
11.4,Sussex County Virginia
8.8,Tazewell County Virginia
8.1,Warren County Virginia
7.9,Washington County Virginia
8.1,Westmoreland County Virginia
8.3,Wise County Virginia
11.1,Wythe County Virginia
6.1,York County Virginia
4.9,Alexandria city Virginia
8.8,Bristol city Virginia
9.9,Buena Vista city Virginia
6.1,Charlottesville city Virginia
7.2,Chesapeake city Virginia
8.3,Colonial Heights city Virginia
10.6,Covington city Virginia
13.5,Danville city Virginia
12.4,Emporia city Virginia
5.4,Fairfax city Virginia
4.9,Falls Church city Virginia
12.6,Franklin city Virginia
9,Fredericksburg city Virginia
10.9,Galax city Virginia
9,Hampton city Virginia
8.3,Harrisonburg city Virginia
11.6,Hopewell city Virginia
9.3,Lexington city Virginia
8.5,Lynchburg city Virginia
7,Manassas city Virginia
6.2,Manassas Park city Virginia
17.4,Martinsville city Virginia
8.3,Newport News city Virginia
8.8,Norfolk city Virginia
7.3,Norton city Virginia
14,Petersburg city Virginia
6.1,Poquoson city Virginia
9.6,Portsmouth city Virginia
9.3,Radford city Virginia
9.5,Richmond city Virginia
8.7,Roanoke city Virginia
6.9,Salem city Virginia
7.8,Staunton city Virginia
7.6,Suffolk city Virginia
6.5,Virginia Beach city Virginia
9,Waynesboro city Virginia
10.1,Williamsburg city Virginia
8.3,Winchester city Virginia
10.5,Adams County Washington
9.4,Asotin County Washington
7.9,Benton County Washington
8.9,Chelan County Washington
11,Clallam County Washington
12.9,Clark County Washington
9.4,Columbia County Washington
12.9,Cowlitz County Washington
9.7,Douglas County Washington
17.5,Ferry County Washington
8.8,Franklin County Washington
8.3,Garfield County Washington
10.9,Grant County Washington
13.9,Grays Harbor County Washington
9.3,Island County Washington
10.3,Jefferson County Washington
9,King County Washington
8.6,Kitsap County Washington
9.8,Kittitas County Washington
12.2,Klickitat County Washington
13.1,Lewis County Washington
8.4,Lincoln County Washington
11.9,Mason County Washington
10.7,Okanogan County Washington
14,Pacific County Washington
15.3,Pend Oreille County Washington
10.4,Pierce County Washington
7.3,San Juan County Washington
10.9,Skagit County Washington
12.8,Skamania County Washington
10.7,Snohomish County Washington
10.1,Spokane County Washington
13.1,Stevens County Washington
9,Thurston County Washington
15.3,Wahkiakum County Washington
8,Walla Walla County Washington
9.5,Whatcom County Washington
6.7,Whitman County Washington
10.6,Yakima County Washington
10,Barbour County West Virginia
8.6,Berkeley County West Virginia
8.8,Boone County West Virginia
11.1,Braxton County West Virginia
11.4,Brooke County West Virginia
7.2,Cabell County West Virginia
14,Calhoun County West Virginia
14.1,Clay County West Virginia
7.1,Doddridge County West Virginia
10,Fayette County West Virginia
8.9,Gilmer County West Virginia
9.8,Grant County West Virginia
8.7,Greenbrier County West Virginia
9.1,Hampshire County West Virginia
12.1,Hancock County West Virginia
11.6,Hardy County West Virginia
7.6,Harrison County West Virginia
11.4,Jackson County West Virginia
6.7,Jefferson County West Virginia
7.4,Kanawha County West Virginia
8.8,Lewis County West Virginia
11.7,Lincoln County West Virginia
10.1,Logan County West Virginia
13.2,McDowell County West Virginia
7.3,Marion County West Virginia
9.7,Marshall County West Virginia
11.5,Mason County West Virginia
8.5,Mercer County West Virginia
9.3,Mineral County West Virginia
9.8,Mingo County West Virginia
5.6,Monongalia County West Virginia
8,Monroe County West Virginia
9.1,Morgan County West Virginia
10,Nicholas County West Virginia
7.9,Ohio County West Virginia
8.6,Pendleton County West Virginia
10.6,Pleasants County West Virginia
11.5,Pocahontas County West Virginia
8.4,Preston County West Virginia
7.6,Putnam County West Virginia
8.1,Raleigh County West Virginia
10.5,Randolph County West Virginia
9.7,Ritchie County West Virginia
13.6,Roane County West Virginia
9.5,Summers County West Virginia
7.7,Taylor County West Virginia
11,Tucker County West Virginia
11.4,Tyler County West Virginia
9.3,Upshur County West Virginia
8.5,Wayne County West Virginia
10.1,Webster County West Virginia
11.7,Wetzel County West Virginia
12.5,Wirt County West Virginia
8.9,Wood County West Virginia
10.4,Wyoming County West Virginia
12.4,Adams County Wisconsin
11.1,Ashland County Wisconsin
9.3,Barron County Wisconsin
11.1,Bayfield County Wisconsin
7.9,Brown County Wisconsin
7.8,Buffalo County Wisconsin
11.1,Burnett County Wisconsin
6.9,Calumet County Wisconsin
8.4,Chippewa County Wisconsin
10.3,Clark County Wisconsin
8.5,Columbia County Wisconsin
10.5,Crawford County Wisconsin
5.9,Dane County Wisconsin
9,Dodge County Wisconsin
11.3,Door County Wisconsin
8.3,Douglas County Wisconsin
7.9,Dunn County Wisconsin
7,Eau Claire County Wisconsin
10.4,Florence County Wisconsin
8.5,Fond du Lac County Wisconsin
11.7,Forest County Wisconsin
7.6,Grant County Wisconsin
8,Green County Wisconsin
9.3,Green Lake County Wisconsin
8.2,Iowa County Wisconsin
11.4,Iron County Wisconsin
8.7,Jackson County Wisconsin
8.7,Jefferson County Wisconsin
10,Juneau County Wisconsin
10.3,Kenosha County Wisconsin
8.2,Kewaunee County Wisconsin
6.6,La Crosse County Wisconsin
7.2,Lafayette County Wisconsin
11,Langlade County Wisconsin
11.3,Lincoln County Wisconsin
9.9,Manitowoc County Wisconsin
9.3,Marathon County Wisconsin
11.1,Marinette County Wisconsin
10.9,Marquette County Wisconsin
17.5,Menominee County Wisconsin
10,Milwaukee County Wisconsin
8,Monroe County Wisconsin
10.7,Oconto County Wisconsin
10.2,Oneida County Wisconsin
8.1,Outagamie County Wisconsin
7.1,Ozaukee County Wisconsin
7.4,Pepin County Wisconsin
7,Pierce County Wisconsin
10,Polk County Wisconsin
8,Portage County Wisconsin
10.9,Price County Wisconsin
10.2,Racine County Wisconsin
9,Richland County Wisconsin
11.3,Rock County Wisconsin
12.3,Rusk County Wisconsin
7.6,St. Croix County Wisconsin
8.4,Sauk County Wisconsin
11.3,Sawyer County Wisconsin
10.2,Shawano County Wisconsin
9.3,Sheboygan County Wisconsin
10.3,Taylor County Wisconsin
7.6,Trempealeau County Wisconsin
7.9,Vernon County Wisconsin
11.3,Vilas County Wisconsin
9,Walworth County Wisconsin
9.7,Washburn County Wisconsin
8.1,Washington County Wisconsin
7.3,Waukesha County Wisconsin
9.4,Waupaca County Wisconsin
10.8,Waushara County Wisconsin
7.8,Winnebago County Wisconsin
9.3,Wood County Wisconsin
4.5,Albany County Wyoming
6.7,Big Horn County Wyoming
6,Campbell County Wyoming
6.7,Carbon County Wyoming
5.5,Converse County Wyoming
5,Crook County Wyoming
6.9,Fremont County Wyoming
4.9,Goshen County Wyoming
5.2,Hot Springs County Wyoming
6.8,Johnson County Wyoming
6.7,Laramie County Wyoming
8.4,Lincoln County Wyoming
7,Natrona County Wyoming
4.6,Niobrara County Wyoming
6.1,Park County Wyoming
5.5,Platte County Wyoming
7.3,Sheridan County Wyoming
5.9,Sublette County Wyoming
6.6,Sweetwater County Wyoming
7.7,Teton County Wyoming
7,Uinta County Wyoming
5.9,Washakie County Wyoming
4.8,Weston County Wyoming
